{"pages/cart":"---\ncart: true\n---\n{{#partial \"page\"}}\n<div class=\"page\">\n\n    <main class=\"page-content\" data-cart>\n        {{> components/common/breadcrumbs breadcrumbs=breadcrumbs}}\n\n        {{> components/cart/page-title}}\n\n        <div data-cart-status>\n            {{> components/cart/status-messages}}\n        </div>\n\n        {{#if cart.items.length}}\n            <div class=\"loadingOverlay\"></div>\n\n            <div data-cart-content>\n                {{> components/cart/content}}\n            </div>\n\n            <div data-cart-totals>\n                {{> components/cart/totals}}\n            </div>\n\n            {{#if cart.show_primary_checkout_button}}\n                <div class=\"cart-actions\">\n                    <a class=\"button button--primary\" href=\"{{urls.checkout.single_address}}\" title=\"{{lang 'cart.checkout.title'}}\">{{lang 'cart.checkout.button'}}</a>\n                    {{#if cart.show_multiple_address_shipping}}\n                        <a class=\"checkoutMultiple\" href=\"{{urls.checkout.multiple_address}}\">\n                            {{lang 'cart.preview.checkout_multiple'}}\n                        </a>\n                    {{/if}}\n                </div>\n            {{else}}\n                <div class=\"cart-actions\">\n                    <a class=\"button\" href=\"{{urls.home}}\" title=\"{{lang 'cart.continue_shopping'}}\">{{lang 'cart.continue_shopping'}}</a>\n                </div>\n            {{/if}}\n\n            {{#if cart.additional_checkout_buttons}}\n                <div class=\"cart-additionalCheckoutButtons\">\n                    {{#each cart.additional_checkout_buttons}}\n                        {{{this}}}\n                    {{/each}}\n                </div>\n            {{/if}}\n        {{else}}\n            <h3 class=\"cart_empty_text\">{{lang 'cart.checkout.empty_cart'}}</h3>\n            {{{ remote_api_scripts }}}\n        {{/if}}\n\n        {{{snippet 'cart'}}}\n    </main>\n</div>\n{{/partial}}\n{{> layout/base}}\n","components/common/breadcrumbs":"<ul class=\"breadcrumbs\" itemscope itemtype=\"http://schema.org/BreadcrumbList\">\n    {{#each breadcrumbs}}\n        <li class=\"breadcrumb {{#if @last}}is-active{{/if}}\" itemprop=\"itemListElement\" itemscope itemtype=\"http://schema.org/ListItem\">\n            {{#or @last (if url \"==\" null)}}\n                <meta itemprop=\"item\" content=\"{{url}}\">\n                <input class=\"get_webpage_name_on_breadcrumbs\" type=\"hidden\" value=\"{{name}}\"/>\n                <span class=\"breadcrumb-label\" itemprop=\"name\"></span>\n            {{else}}\n                <a href=\"{{url}}\" class=\"breadcrumb-label\" itemprop=\"item\"><span itemprop=\"name\">{{name}}</span></a>\n            {{/or}}\n            <meta itemprop=\"position\" content=\"{{add @index 1}}\" />\n        </li>\n    {{/each}}\n</ul>\n\n<script src=\"https://ajax.googleapis.com/ajax/libs/jquery/3.3.1/jquery.min.js\"></script>\n<script>\n    $(document).ready(function(){\n        console.log(\"page\");\n        var left_store_info = \"Store_Info\";\n        var right_store_info = \"Customer_Service\";\n        var attr_li_value = $('ul.breadcrumbs li.breadcrumb.is-active input.get_webpage_name_on_breadcrumbs').attr(\"value\")\n        console.log(\"attr_li_value\");\n        console.log(attr_li_value);\n        if(attr_li_value.indexOf(left_store_info) != -1){\n            console.log(\"first\");\n        \tvar currect_webpage_name = attr_li_value.split(\"/\");\n        \tconsole.log(\"currect_webpage_name\");\n        \tconsole.log(currect_webpage_name[0]);\n        \t$('ul.breadcrumbs li.breadcrumb.is-active span.breadcrumb-label').html(currect_webpage_name[0]);\n        }else if(attr_li_value.indexOf(right_store_info)!= -1){\n            console.log(\"second\");\n        \tvar currect_webpage_name = attr_li_value.split(\"/\");\n        \tconsole.log(\"currect_webpage_name\");\n        \tconsole.log(currect_webpage_name[0]);\n        \t$('ul.breadcrumbs li.breadcrumb.is-active span.breadcrumb-label').html(currect_webpage_name[0]);\n        }else{\n            $('ul.breadcrumbs li.breadcrumb.is-active span.breadcrumb-label').html(attr_li_value);\n        }\n    });\n</script>\n","components/cart/page-title":"<h1 class=\"page-heading\" data-cart-page-title>\n    {{lang 'cart.label' quantity=cart.quantity}}\n</h1>\n","components/cart/status-messages":"{{#each cart.status_messages}}\n    {{> components/common/alert-info message}}\n{{/each}}\n","components/cart/totals":"<ul class=\"cart-totals\">\n    <li class=\"cart-total\">\n        <div class=\"cart-total-label\">\n            <strong>{{lang 'cart.checkout.subtotal'}}:</strong>\n        </div>\n        <div class=\"cart-total-value\">\n            {{#or customer (if theme_settings.restrict_to_login '!==' true)}}\n                <span>{{cart.sub_total.formatted}}</span>\n            {{else}}\n                {{> components/common/login-for-pricing}}\n            {{/or}}\n        </div>\n    </li>\n    {{#if cart.gift_wrapping_cost.amount}}\n        <li class=\"cart-total\">\n            <div class=\"cart-total-label\">\n                <strong>{{lang 'cart.checkout.gift_wrapping'}}:</strong>\n            </div>\n            <div class=\"cart-total-value\">\n                <span>{{cart.gift_wrapping_cost.formatted}}</span>\n            </div>\n        </li>\n    {{/if}}\n    {{#if cart.shipping_handling.show_estimator}}\n        <li class=\"cart-total\">\n            <div class=\"cart-total-label\">\n                <strong>{{lang 'cart.checkout.shipping'}}:</strong>\n            </div>\n            {{> components/cart/shipping-estimator cart.shipping_handling}}\n        </li>\n    {{/if}}\n    {{#each cart.taxes}}\n        <li class=\"cart-total\">\n            <div class=\"cart-total-label\">\n                <strong>{{name}}:</strong>\n            </div>\n            <div class=\"cart-total-value\">\n                <span>{{cost.formatted}}</span>\n            </div>\n        </li>\n    {{/each}}\n    {{#if cart.discount }}\n        <li class=\"cart-total\">\n            <div class=\"cart-total-label\">\n                <strong>{{lang 'cart.discount'}}:</strong>\n            </div>\n            <div class=\"cart-total-value\">\n                {{cart.discount.formatted}}\n            </div>\n        </li>\n    {{/if}}\n    {{#if cart.coupons}}\n        {{#each cart.coupons}}\n            <li class=\"cart-total\">\n                <div class=\"cart-total-label\">\n                    <strong>{{lang 'cart.coupons.code_label' code=code}}</strong>\n                    <div>\n                        <a href=\"{{remove_url}}\">{{lang 'cart.coupons.remove'}}</a>\n                    </div>\n                </div>\n                <div class=\"cart-total-value\">\n                    <span>{{discount.formatted}}</span>\n                </div>\n            </li>\n        {{/each}}\n    {{else}}\n        <li class=\"cart-total\">\n            <div class=\"cart-total-label\">\n                <strong>{{lang 'cart.coupon_code'}}:</strong>\n            </div>\n            {{> components/cart/coupon-input}}\n        </li>\n    {{/if}}\n    {{#if settings.gift_certificates_enabled}}\n        {{#each cart.gift_certificates}}\n            <li class=\"cart-total\">\n                <div class=\"cart-total-label\">\n                    <strong>{{lang 'cart.gift_certificates.code_label' code=code}}</strong>\n                    <span>\n                        {{remaining.formatted}} | <a href=\"{{remove_url}}\">{{lang 'cart.gift_certificates.remove'}}</a>\n                    </span>\n                </div>\n                <div class=\"cart-total-value\">\n                    {{used.formatted}}\n                </div>\n            </li>\n        {{/each}}\n        <li class=\"cart-total\">\n            <div class=\"cart-total-label\">\n                <strong>{{lang 'cart.gift_certificates.gift_certificate'}}:</strong>\n            </div>\n            {{> components/cart/gift-certificate-input}}\n        </li>\n    {{/if}}\n    <li class=\"cart-total\">\n        <div class=\"cart-total-label\">\n            <strong>{{lang 'cart.checkout.grand_total'}}:</strong>\n        </div>\n        <div class=\"cart-total-value cart-total-grandTotal\">\n            {{#or customer (if theme_settings.restrict_to_login '!==' true)}}\n                <span>{{cart.grand_total.formatted}}</span>\n            {{else}}\n                {{> components/common/login-for-pricing}}\n            {{/or}}\n        </div>\n    </li>\n</ul>\n","layout/base":"<!DOCTYPE html>\n<html class=\"no-js\" lang=\"{{ locale_name }}\">\n    <head>\n        <title>{{ head.title }}</title>\n        {{{ resourceHints }}}\n        {{{ head.meta_tags }}}\n        {{{ head.config }}}\n        {{#block \"head\"}} {{/block}}\n\n        <link href=\"{{ head.favicon }}\" rel=\"shortcut icon\">\n        <meta name=\"viewport\" content=\"width=device-width, initial-scale=1, maximum-scale=1\">\n\n        <script>\n            // Change document class from no-js to js so we can detect this in css\n            document.documentElement.className = document.documentElement.className.replace('no-js', 'js');\n        </script>\n\n        {{ getFontsCollection }}\n        {{{stylesheet '/assets/css/theme.css'}}}\n\n        {{{head.scripts}}}\n        {{{head.rsslinks}}}\n\n        {{inject 'themeSettings' theme_settings}}\n        {{inject 'genericError' (lang 'common.generic_error')}}\n        {{inject 'maintenanceMode' settings.maintenance}}\n        {{inject 'urls' urls}}\n        {{inject 'secureBaseUrl' settings.secure_base_url}}\n        {{inject 'template' template}}\n        {{{snippet 'htmlhead'}}}\n        <script async src=\"https://www.googletagmanager.com/gtag/js?id=AW-851520282\"></script>\n        <script>\n          window.dataLayer = window.dataLayer || [];\n          function gtag(){dataLayer.push(arguments);}\n          gtag('js', new Date());\n        \n          gtag('config', 'AW-851520282');\n        </script>\n        \n        <!-- Verified reviews -->\n        <script charset=\"utf-8\" src=\"//cl.avis-verifies.com/us/cache/3/c/f/3cf2221f-12e7-49e1-84ab-3217a754eed2/AWS/PRODUCT_API/tag.min.js\"></script>\n        <meta class=\"netreviewsWidget\" id=\"netreviewsWidgetNum1115\" data-jsurl=\"//cl.avis-verifies.com/us/cache/3/c/f/3cf2221f-12e7-49e1-84ab-3217a754eed2/widget4/widget04-1115_script.js\"/><script src=\"//cl.avis-verifies.com/us/widget4/widget04_FB3.min.js\"></script>\n        <!-- <img src=\"//cl.avis-verifies.com/us/cache/3/c/f/3cf2221f-12e7-49e1-84ab-3217a754eed2/widget3/widget04-1115.png\" alt=\"WidgetAvisVerifies\"   width=\"200\"> -->\n        <!-- <script src=\"//www.verified-reviews.com/avis-clients/widget/3/c/f/3cf2221f-12e7-49e1-84ab-3217a754eed2/avis-produit/widget.js\"></script> -->\n        <!-- Verified Reviews -->\n        \n    </head>\n    <body>\n        {{{snippet 'header'}}}\n        <svg data-src=\"{{cdn 'img/icon-sprite.svg'}}\" class=\"icons-svg-sprite\"></svg>\n\n        {{#and settings.privacy_cookie settings.is_eu_ip_address}}\n            {{> components/common/cookie}}\n        {{/and}}\n\n        {{> components/common/header }}\n        {{> components/common/body }}\n        {{> components/common/footer }}\n\n        <script>window.__webpack_public_path__ = \"{{cdn 'assets/dist/'}}\";</script>\n        <script src=\"{{cdn 'assets/dist/theme-bundle.main.js'}}\"></script>\n        <script>\n            // Exported in app.js\n            window.stencilBootstrap(\"{{page_type}}\", {{jsContext}}).load();\n        </script>\n\n        {{{footer.scripts}}}\n        {{{snippet 'footer'}}}\n    </body>\n</html>\n","components/cart/content":"<table class=\"cart\" data-cart-quantity=\"{{cart.quantity}}\">\n    <thead class=\"cart-header\">\n        <tr>\n            <th class=\"cart-header-item\" colspan=\"2\">{{lang 'cart.checkout.item'}}</th>\n            <th class=\"cart-header-item\">{{lang 'cart.checkout.price'}}</th>\n\t\t\t<th class=\"cart-header-item\">{{lang 'Availability'}}</th>\n            <th class=\"cart-header-item cart-header-quantity\">{{lang 'cart.checkout.quantity'}}</th>\n            <th class=\"cart-header-item\">{{lang 'cart.checkout.total'}}</th>\n        </tr>\n    </thead>\n    <tbody class=\"cart-list\">\n        {{#each cart.items}}\n            <tr class=\"cart-item\" id='tr_row_{{@index}}' data-item-row >\n\t\t\t<input type=\"hidden\" class=\"cart_item\" value=\"{{id}}\">\n                <td class=\"cart-item-block cart-item-figure\">\n                    {{#if type '==' 'GiftCertificate'}}\n                        <img class=\"cart-item-fixed-image lazyload\" data-sizes=\"auto\" src=\"{{cdn 'img/loading.svg'}}\" data-src=\"{{cdn ../../theme_settings.default_image_gift_certificate}}\" alt=\"GiftCertificate\" title=\"GiftCertificate\">\n                    {{else}}\n                        <img class=\"cart-item-image lazyload\" data-sizes=\"auto\" src=\"{{cdn 'img/loading.svg'}}\" data-src=\"{{getImage image 'productthumb_size' (cdn ../../theme_settings.default_image_product)}}\" alt=\"{{image.alt}}\" title=\"{{image.alt}}\">\n                    {{/if}}\n                </td>\n                <td class=\"cart-item-block cart-item-title\">\n                    {{#if brand.name}}\n                        <p class=\"cart-item-brand\">{{brand.name}}</p>\n                    {{/if}}\n                    <h4 class=\"cart-item-name\"><a href=\"{{url}}\">{{name}}</a></h4>\n                    {{#if release_date}}\n                        <p>({{release_date}})</p>\n                    {{/if}}\n\n                    {{#if configurable_fields}}\n                        <dl class=\"definitionList\">\n                            {{#each configurable_fields}}\n                                <dt class=\"definitionList-key\">{{name}}:</dt>\n                                <dd class=\"definitionList-value\">\n                                    {{#if is_file}}\n                                        <a href=\"/viewfile.php?prodfield={{../id}}&cartitem={{../../id}}\">{{{value}}}</a>\n                                    {{else}}\n                                        {{{value}}}\n                                    {{/if}}\n                                </dd>\n                            {{/each}}\n                        </dl>\n                    {{/if}}\n\n                    {{#if options}}\n                        <dl class=\"definitionList\">\n                            {{#each options}}\n                                <dt class=\"definitionList-key {{hyphenate name}}\">{{name}}:</dt>\n                                <dd class=\"definitionList-value {{hyphenate name}}\">\n                                    {{#if is_file}}\n                                        <a href=\"/viewfile.php?attributeId={{../id}}&cartitem={{../../id}}\">{{{value}}}</a>\n                                    {{else}}\n                                        {{{value}}}\n                                    {{/if}}\n                                </dd>\n                            {{/each}}\n                        </dl>\n                    {{/if}}\n\t\t\t\n\t\t\t\t{{#comment}}\n                    {{#or options configurable_fields}}\n                        <a href=\"#\" data-item-edit=\"{{id}}\">{{lang 'cart.checkout.change'}}</a>\n                    {{/or}}\n\t\t\t\t\n                    {{#if type '==' 'GiftCertificate'}}\n                        <a href=\"{{edit_url}}\">{{lang 'cart.checkout.change'}}</a>\n                    {{/if}}\n\t\t\t\t{{/comment}}\n                    {{> components/cart/item-giftwrap this}}\n                    {{#if event_date}}\n                        <dl class=\"cart-item-options\">\n                            <dt class=\"cart-item-option-title\">\n                                {{event_date.name}}\n                            </dt>\n\n                            <dd class=\"cart-item-option-description\">\n                                {{event_date.date}}\n                            </dd>\n                        </dl>\n                    {{/if}}\n\n                </td>\n\n                <td class=\"cart-item-block cart-item-info\">\n                    <span class=\"cart-item-label\">{{lang 'cart.checkout.price'}}</span>\n                    {{#or ../customer (if ../theme_settings.restrict_to_login '!==' true)}}\n                        <span class=\"cart-item-value {{#if price_discounted}}price--discounted{{/if}}\">{{price.formatted}}</span>\n                        {{#if price_discounted}}\n                            <span class=\"cart-item-value\">{{price_discounted.formatted}}</span>\n                        {{/if}}\n                    {{else}}\n                        {{> components/common/login-for-pricing}}\n                    {{/or}}\n                </td>\n\n\t\t\t\t<td class=\"cart-item-block cart-item-Availability\">\n\t\t\t\t\t<form class=\"option_form\" method=\"post\" action=\"cart.php\" enctype=\"multipart/form-data\">\n\t\t\t\t\t\t<div class=\"options\">\n\t\t\t\t\t\t</div>\n\t\t\t\t\t</form>\n\t\t\t\t\t{{#each options}}\n\t\t\t\t\t\t{{#if name '==' 'Availability Method'}}\n\t\t\t\t\t\t\t{{#if value '==' 'INS-SHIP'}}\n\t\t\t\t\t\t\t\t{{#each ../../../options}}\n\t\t\t\t\t\t\t\t\t{{#if name '==' 'Selected Availability'}}\n\t\t\t\t\t\t\t\t\t\t{{#if value '==' 'INS'}}\n\t\t\t\t\t\t\t\t\t\t\t<input class=\"form-radio sel_avail_both_ins\" type=\"radio\" id='store_pickup_avail_both_ins_{{@../../index}}' checked='checked' name=\"avail_method_both_ins_{{@../../index}}\" value=\"INS\" required >\n\t\t\t\t\t\t\t\t\t\t\t<label class=\"form-label\" for=\"store_pickup_avail_both_ins_{{@../../index}}\">Pickup In-Store</label>\n\n\t\t\t\t\t\t\t\t\t\t\t<input class=\"form-radio sel_avail_both_ins\" type=\"radio\" id='shipping_avail_both_ins_{{@../../index}}' name=\"avail_method_both_ins_{{@../../index}}\" value=\"SHIP\">\n\t\t\t\t\t\t\t\t\t\t\t<label class=\"form-label\" for=\"shipping_avail_both_ins_{{@../../index}}\">Ship to an Address</label>\n\t\t\t\t\t\t\t\t\t\t{{/if}}\n\t\t\t\t\t\t\t\t\t\t{{#if value '==' 'SHIP'}}\n\t\t\t\t\t\t\t\t\t\t\t<input class=\"form-radio sel_avail_both_ship\"  type=\"radio\" id='store_pickup_avail_both_ship_{{@../../index}}' name=\"avail_method_both_ship_{{@../../index}}\" value=\"INS\" required>\n\t\t\t\t\t\t\t\t\t\t\t<label class=\"form-label\" for=\"store_pickup_avail_both_ship_{{@../../index}}\">Pickup In-Store</label>\n\n\t\t\t\t\t\t\t\t\t\t\t<input class=\"form-radio sel_avail_both_ship\" checked='checked' type=\"radio\" id='shipping_avail_both_ship_{{@../../index}}' name=\"avail_method_both_ship_{{@../../index}}\" value=\"SHIP\" >\n\t\t\t\t\t\t\t\t\t\t\t<label class=\"form-label\" for=\"shipping_avail_both_ship_{{@../../index}}\">Ship to an Address</label>\n\t\t\t\t\t\t\t\t\t\t{{/if}}\n\t\t\t\t\t\t\t\t\t{{/if}}\n\t\t\t\t\t\t\t\t{{/each}}\n\t\t\t\t\t\t\t{{/if}}\n\t\t\t\t\t\t\t{{#if value '==' 'INS'}}\n\t\t\t\t\t\t\t\t<input class=\"form-radio sel_avail_ins\" checked=\"checked\"  type=\"radio\" id='store_pickup_avail_ins_{{@../index}}' name=\"avail_method_ins_{{@../index}}\" value=\"INS\" >\n\t\t\t\t\t\t\t\t<label class=\"form-label\" for=\"store_pickup_avail_ins_{{@../index}}\">Pickup In-Store</label>\n\n\t\t\t\t\t\t\t\t<input class=\"form-radio sel_avail_ins\" type=\"radio\" id='shipping_avail_ins_{{@../index}}' name=\"avail_method_ins_{{@../index}}\" value=\"SHIP\" disabled>\n\t\t\t\t\t\t\t\t<label class=\"form-label not_avail\" for=\"shipping_avail_ins_{{@../index}}\">Ship to an Address</label>\n\t\t\t\t\t\t\t{{/if}}\n\t\t\t\t\t\t\t{{#if value '==' 'SHIP'}}\n\t\t\t\t\t\t\t\t<input class=\"form-radio sel_avail_ship\" type=\"radio\" id='store_pickup_avail_ship_{{@../index}}' name=\"avail_method_ship_{{@../index}}\" value=\"INS\" disabled>\n\t\t\t\t\t\t\t\t<label class=\"form-label not_avail\" for=\"store_pickup_avail_ship_{{@../index}}\">Pickup In-Store</label>\n\n\t\t\t\t\t\t\t\t<input class=\"form-radio sel_avail_ship\" checked=\"checked\" type=\"radio\" id='shipping_avail_ship_{{@../index}}' name=\"avail_method_ship_{{@../index}}\" value=\"SHIP\">\n\t\t\t\t\t\t\t\t<label class=\"form-label\" for=\"shipping_avail_ship_{{@../index}}\">Ship to an Address</label>\n\t\t\t\t\t\t\t{{/if}}\n\t\t\t\t\t\t{{/if}}\n\t\t\t\t\t{{/each}}\n\t\t\t\t</td>\n\n                <td class=\"cart-item-block cart-item-info cart-item-quantity\">\n\n                    <label class=\"form-label cart-item-label\" for=\"qty-{{id}}\">{{lang 'products.quantity'}}</label>\n                    <div class=\"form-increment\">\n                        {{# if can_modify}}\n                            <button class=\"button button--icon\" data-cart-update data-cart-itemid=\"{{id}}\" data-action=\"dec\">\n                                <span class=\"is-srOnly\">{{lang 'products.quantity_decrease'}}</span>\n                                <i class=\"icon\" aria-hidden=\"true\"><svg><use xlink:href=\"#icon-keyboard-arrow-down\" /></svg></i>\n                            </button>\n                        {{/if}}\n                        <input class=\"form-input form-input--incrementTotal cart-item-qty-input\"\n                               id=\"qty-{{id}}\"\n                               name=\"qty-{{id}}\"\n                               type=\"tel\"\n                               value=\"{{quantity}}\"\n                               data-quantity-min=\"{{min_purchase_quantity}}\"\n                               data-quantity-max=\"{{max_purchase_quantity}}\"\n                               data-quantity-min-error=\"{{lang 'products.quantity_min' quantity=min_purchase_quantity}}\"\n                               data-quantity-max-error=\"{{lang 'products.quantity_max' quantity=max_purchase_quantity}}\"\n                               min=\"1\"\n                               pattern=\"[0-9]*\"\n                               data-cart-itemid=\"{{id}}\"\n                               data-action=\"manualQtyChange\"\n                               aria-live=\"polite\"{{#unless can_modify}} disabled{{/unless}}>\n                        {{# if can_modify}}\n                            <button class=\"button button--icon\" data-cart-update data-cart-itemid=\"{{id}}\" data-action=\"inc\">\n                                <span class=\"is-srOnly\">{{lang 'products.quantity_increase'}}</span>\n                                <i class=\"icon\" aria-hidden=\"true\"><svg><use xlink:href=\"#icon-keyboard-arrow-up\" /></svg></i>\n                            </button>\n                        {{/if}}\n                    </div>\n\n                </td>\n\n                <td class=\"cart-item-block cart-item-info\">\n                    <span class=\"cart-item-label\">{{lang 'cart.checkout.total'}}</span>\n                    {{#or ../customer (if ../theme_settings.restrict_to_login '!==' true)}}\n                        <strong class=\"cart-item-value {{#if total_discounted}}price--discounted{{/if}}\">{{total.formatted}}</strong>\n                        {{#if total_discounted}}\n                            <strong class=\"cart-item-value\">{{total_discounted.formatted}}</strong>\n                        {{/if}}\n                    {{else}}\n                        {{> components/common/login-for-pricing}}\n                    {{/or}}\n                    {{# if can_modify}}\n                        <a class=\"cart-remove icon\" data-cart-itemid=\"{{id}}\" href=\"#\" data-confirm-delete=\"{{lang 'cart.confirm_delete'}}\">\n                            <svg><use xlink:href=\"#icon-close\"></use></svg>\n                        </a>\n                    {{else}}\n                        {{#if type '==' 'GiftCertificate'}}\n                            <a class=\"cart-remove icon\" data-cart-itemid=\"{{id}}\" href=\"#\" data-confirm-delete=\"{{lang 'cart.confirm_delete'}}\">\n                                <svg><use xlink:href=\"#icon-close\"></use></svg>\n                            </a>\n                        {{/if}}\n                    {{/if}}\n                </td>\n            </tr>\n        {{/each}}\n    </tbody>\n</table>\n{{{ remote_api_scripts }}}\n\n<script src=\"https://ajax.googleapis.com/ajax/libs/jquery/3.4.1/jquery.min.js\"></script>\n<script>\nfunction getCookie(name) {\n  if (!document.cookie) {\n    return null;\n  }\n\n  const xsrfCookies = document.cookie.split(';')\n    .map(c => c.trim())\n    .filter(c => c.startsWith(name + '='));\n\n  if (xsrfCookies.length === 0) {\n    return null;\n  }\n\n  return decodeURIComponent(xsrfCookies[0].split('=')[1]);\n}\n\n$(document).ready(function(){\n\t$(\".cart-item\").each(function(){\n\t\tvar row_id = $(this).attr('id');\n\t\tvar id=$(this).find(\".cart_item\").val();\n\t\tvar URL=window.location.hostname + \":\" +location.port;\n\t\tvar csrfToken = getCookie('XSRF-TOKEN');\n\t\t$.ajax({\n\t\t\ttype:\"GET\",\n\t\t\turl: \"http://\"+URL+\"/remote/v1/configure-options/\"+id,\n\t\t\theaders:{'stencil-config':'{}','stencil-options':'{\"render_with\":\"cart/modals/configure-product\"}','x-xsrf-token':csrfToken},\n\t\t\tsuccess:function(result){\n\t\t\t\tvar option_content = result.content;\n\t\t\t\t$(\".button button--primary\").css('display','none');\n\t\t\t\t$(\"#\"+row_id).find(\".options\").html(option_content);\n\t\t\t}\n\t\t});\n\t});\n\t$('.sel_avail_both_ins').change(function() {\n\t\tvar Avail=($(this).val());\n\t\t$(this).siblings(\".option_form\").find(\".options\").find(\".Selected-Availability\").find(':input').val(Avail);\n\t\t$(this).siblings(\".option_form\").submit();\n\t});\n\t$('.sel_avail_both_ship').change(function() {\n\t\tvar Avail=($(this).val());\n\t\t$(this).siblings(\".option_form\").find(\".options\").find(\".Selected-Availability\").find(':input').val(Avail);\n\t\t$(this).siblings(\".option_form\").submit();\n\t});\n});\n</script>\n\n<style>\n.options .modal-header{display:none;}\n.option_form{display:none;}\n.not_avail{opacity: 0.5;}\n.Availability-Method, .Selected-Availability{display:none;}\n</style>\n","components/common/alert-info":"<div class=\"alertBox alertBox--info\">\n    <div class=\"alertBox-column alertBox-icon\">\n        <icon glyph=\"ic-success\" class=\"icon\" aria-hidden=\"true\"><svg xmlns=\"http://www.w3.org/2000/svg\" width=\"24\" height=\"24\" viewBox=\"0 0 24 24\"><path d=\"M12 2C6.48 2 2 6.48 2 12s4.48 10 10 10 10-4.48 10-10S17.52 2 12 2zm1 15h-2v-2h2v2zm0-4h-2V7h2v6z\"></path></svg></icon>\n    </div>\n    <p class=\"alertBox-column alertBox-message\">\n        <span>{{{this}}}</span>\n    </p>\n</div>\n","components/common/login-for-pricing":"<p translate>Log in for pricing</p>\n","components/cart/shipping-estimator":"{{#if shipping_cost}}\n    <div class=\"cart-total-value\">\n        <div class=\"subtotal shipping-estimate-show\">\n            <a href=\"#\" class=\"shipping-estimate-value\">{{shipping_cost.formatted}}</a>\n        </div>\n    </div>\n{{else}}\n    <div class=\"cart-total-value\">\n        <button class=\"shipping-estimate-show\">{{lang 'cart.shipping_estimator.add_info'}}</button>\n        <button class=\"shipping-estimate-hide\" style=\"display: none;\">Cancel</button>\n    </div>\n{{/if}}\n\n<div class=\"shipping-estimator u-hiddenVisually\">\n    <form class=\"form estimator-form\" data-shipping-estimator>\n        <dl>\n            <dt class=\"estimator-form-label\">\n                <label class=\"form-label\" for=\"shipping-country\">{{lang 'cart.shipping_estimator.select_a_country'}}</label>\n            </dt>\n\n            <dd class=\"estimator-form-input\">\n                <select class=\"form-select\" id=\"shipping-country\" name=\"shipping-country\" data-field-type=\"Country\">\n                    <option>{{lang 'cart.shipping_estimator.select_a_country'}}</option>\n                    {{#each countries}}\n                        <option value=\"{{id}}\" {{#if selected}}selected=\"selected\"{{/if}}>\n                            {{name}}\n                        </option>\n                    {{/each}}\n                </select>\n            </dd>\n\n            <dt class=\"estimator-form-label\">\n                <label class=\"form-label\" for=\"shipping-state\">{{lang 'cart.shipping_estimator.select_a_state'}}</label>\n            </dt>\n\n            <dd class=\"estimator-form-input\">\n                {{#if states.length}}\n                    <select class=\"form-select\" id=\"shipping-state\" name=\"shipping-state\" data-field-type=\"State\">\n                        <option>{{lang 'cart.shipping_estimator.select_a_state'}}</option>\n                        {{#each states}}\n                            <option value=\"{{id}}\" {{#if selected}}selected=\"selected\"{{/if}}>\n                                {{name}}\n                            </option>\n                        {{/each}}\n                    </select>\n                {{else}}\n                    <input class=\"form-input\" type=\"text\" id=\"shipping-state\" name=\"shipping-state\" data-field-type=\"State\" placeholder=\"{{lang 'cart.shipping_estimator.select_a_state'}}\">\n                {{/if}}\n            </dd>\n\n            <dt class=\"estimator-form-label\">\n                <label class=\"form-label\" for=\"shipping-city\">{{lang 'cart.shipping_estimator.suburb_city'}}</label>\n            </dt>\n            <dd class=\"estimator-form-input\">\n                <input class=\"form-input\" type=\"text\" id=\"shipping-city\" name=\"shipping-city\" value=\"{{selected_city}}\" placeholder=\"{{lang 'cart.shipping_estimator.suburb_city'}}\">\n            </dd>\n\n            <dt class=\"estimator-form-label\">\n                <label class=\"form-label\" for=\"shipping-zip\">{{lang 'cart.shipping_estimator.zip_postal_code'}}</label>\n            </dt>\n            <dd class=\"estimator-form-input\">\n                <input class=\"form-input\" type=\"text\" id=\"shipping-zip\" name=\"shipping-zip\" value=\"{{selected_zip}}\" placeholder=\"{{lang 'cart.shipping_estimator.zip_postal_code'}}\">\n            </dd>\n            <button class=\"button button--primary button--small shipping-estimate-submit\">{{lang 'cart.shipping_estimator.estimate_shipping'}}</button>\n        </dl>\n    </form>\n    <div class=\"shipping-quotes\"></div>\n</div>\n","components/cart/coupon-input":"<div class=\"cart-total-value\">\n\n    <button class=\"coupon-code-add\">{{lang 'cart.coupons.add_coupon'}}</button>\n\n    <button class=\"coupon-code-cancel\" style=\"display: none;\">{{lang 'cart.coupons.cancel'}}</button>\n</div>\n\n<div class=\"cart-form coupon-code\" style=\"display: none;\">\n    <form class=\"form form--hiddenLabels coupon-form\" method=\"post\" action=\"{{urls.cart}}\">\n        <label class=\"form-label\" for=\"couponcode\">{{lang 'cart.coupons.coupon_code'}}</label>\n        <input class=\"form-input\" data-error=\"{{lang 'cart.coupons.empty_error'}}\"  id=\"couponcode\" type=\"text\" name=\"couponcode\" value=\"\" placeholder=\"{{lang 'cart.coupons.coupon_code'}}\">\n        <input class=\"button button--primary button--small\" type=\"submit\" value=\"{{lang 'cart.coupons.button'}}\">\n        <input type=\"hidden\" name=\"action\" value=\"applycoupon\">\n    </form>\n</div>\n","components/cart/gift-certificate-input":"<div class=\"cart-total-value\">\n\n    <button class=\"gift-certificate-add\">{{lang 'cart.gift_certificates.gift_certificate'}}</button>\n\n    <button class=\"gift-certificate-cancel\" style=\"display: none;\">{{lang 'cart.coupons.cancel'}}</button>\n</div>\n\n<div class=\"cart-form gift-certificate-code\" style=\"display: none;\">\n    <form class=\"form form--hiddenLabels cart-gift-certificate-form\" method=\"post\" action=\"{{urls.cart}}\">\n        <label class=\"form-label\" for=\"certcode\">{{lang 'cart.gift_certificates.cert_code'}}</label>\n        <input class=\"form-input\" data-error=\"{{lang 'cart.gift_certificates.empty_error'}}\"  id=\"certcode\" type=\"text\" name=\"certcode\" value=\"\" placeholder=\"{{lang 'cart.gift_certificates.add_cert_code'}}\">\n        <input class=\"button button--primary button--small\" type=\"submit\" value=\"{{lang 'cart.coupons.button'}}\">\n        <input type=\"hidden\" name=\"action\" value=\"applycoupon\">\n    </form>\n</div>\n","components/common/cookie":"<div class=\"cookieMessage\">\n    <div class=\"cookieMessage-container\">\n        <div class=\"cookieMessage-text\">\n            <p>{{settings.privacy_cookie}}</p>\n        </div>\n        <button class=\"button button--primary button--small\" data-privacy-accept>{{lang 'cookies.accept'}}</button>\n    </div>\n</div>\n","components/common/header":"<link href=\"https://fonts.googleapis.com/css?family=Roboto+Condensed:400,700\" rel=\"stylesheet\">\n\n<div class=\"banners clock_down_timer\" data-banner-location=\"top\">\n\t\t\t\t\t\t\n</div>\n{{#if banners.top}}\n<div class=\"banners\" data-banner-location=\"top\">\n\t{{#each (limit banners.top_metadata 2)}}\n\t\t{{#if this.banner-name '!=' 'Countdown Banner'}}\n\t\t\t<div class=\"banner\" data-event-type=\"promotion\" data-entity-id=\"{{this.id}}\" data-name=\"{{this.banner-name}}\" data-position=\"{{this.location}}\" data-banner-id=\"{{this.banner-name}}\">\n\t\t\t\t<div data-event-type=\"promotion-click\">\n\t\t\t\t\t{{{this.content}}}\n\t\t\t\t</div>\n\t\t\t</div>\n\t\t{{else}}\n\t\t\t<div class=\"countdown_clock\" data-event-type=\"promotion\" data-entity-id=\"{{this.id}}\" data-name=\"{{this.banner-name}}\" data-position=\"{{this.location}}\" data-banner-id=\"{{this.banner-name}}\" style=\"display: none;\">\n\t\t\t\t<div data-event-type=\"promotion-click\">\n\t\t\t\t\t{{{this.content}}}\n\t\t\t\t</div>\n\t\t\t</div>\n\t\t{{/if}}\n    {{/each}}\n</div>\n{{/if}}\n<header class=\"header\" role=\"banner\">\n\t<div class=\"container\">\n\t\t<div class=\"header_inner\">\n\t\t\t<div class=\"header_left\">\n\t\t\t\t{{#if page_type '===' 'default'}}\n\t\t\t\t\t<h1 class=\"header-logo header-logo--{{theme_settings.logo-position}}\">\n\t\t\t\t\t\t{{> components/common/store-logo}}\n\t\t\t\t\t</h1>\n\t\t\t\t{{else}}\n\t\t\t\t\t<div class=\"header-logo header-logo--{{theme_settings.logo-position}}\">\n\t\t\t\t\t\t{{> components/common/store-logo}}\n\t\t\t\t\t</div>\n\t\t\t\t{{/if}}\n\t\t\t</div>\n\t\t\t<div class=\"header_right\">\n\t\t\t\t{{> components/common/navigation}}\n\t\t\t\t{{{region name=\"header_bottom\"}}}\n\t\t\t\t<div class=\"navPages-container\" id=\"menu\" data-menu>\n\t\t\t\t\t{{> components/common/navigation-menu}}\n\t\t\t\t</div>\n\t\t\t\t<a href=\"#\" class=\"mobileMenu-toggle\" data-mobile-menu-toggle=\"menu\">\n\t\t\t\t\t<span class=\"mobileMenu-toggleIcon\">Toggle menu</span>\n\t\t\t\t</a>\n\t\t\t</div>\n\t\t</div>\n\t</div>\n</header>\n","components/common/body":"{{#if page_type '==' \"default\"}}\n<div class=\"body home\" data-currency-code=\"{{currency_selector.active_currency_code}}\">\n    {{#block \"hero\"}} {{/block}}\n    <div class=\"\">\n        {{#block \"page\"}} {{/block}}\n    </div>\n    {{> components/common/modal}}\n    {{> components/common/alert-modal}}\n</div>\n{{else}}\n<div class=\"body {{hyphenate page.title}}\" data-currency-code=\"{{currency_selector.active_currency_code}}\">\n    {{#block \"hero\"}} {{/block}}\n    <div class=\"container\">\n        {{#block \"page\"}} {{/block}}\n    </div>\n    {{> components/common/modal}}\n    {{> components/common/alert-modal}}\n</div>\n{{/if}}\n\n","components/cart/item-giftwrap":"{{#if show_gift_wrapping}}\n    <dl class=\"cart-item-options cart-item-options--giftWrapping\">\n        <dt class=\"cart-item-option-title\">\n            {{lang 'cart.gift_wrapping.title'}}:\n        </dt>\n        {{#if gift_wrapping}}\n            <dd class=\"cart-item-option-description\">\n                {{gift_wrapping.name}}\n                <span class=\"cart-item-option-actions\">\n                    (<a href=\"\" data-item-giftwrap=\"{{id}}\">{{lang 'cart.gift_wrapping.change'}}</a> or <a href=\"{{gift_wrapping.remove_url}}\" onclick=\"return confirm('{{lang 'cart.gift_wrapping.remove_confirm'}}')\">{{lang 'cart.gift_wrapping.remove'}}</a>)\n                </span>\n            </dd>\n            {{#if gift_wrapping.message}}\n                <dt class=\"cart-item-option-title\">\n                    {{lang 'cart.gift_wrapping.gift_message'}}:\n                </dt>\n                <dd class=\"cart-item-option-description\">\n                    {{gift_wrapping.message}}\n                </dd>\n            {{/if}}\n        {{else}}\n            <dd class=\"cart-item-option-description\">\n                <a href=\"\" data-item-giftwrap=\"{{id}}\">{{lang 'cart.gift_wrapping.add'}}</a>\n            </dd>\n        {{/if}}\n    </dl>\n{{/if}}\n","components/common/footer":"{{#if banners.bottom}}\r\n    {{#if settings.data_tag_enabled}}\r\n        <div class=\"banners\" data-banner-location=\"bottom\">\r\n            {{#each (limit banners.bottom_metadata 1)}}\r\n                <div class=\"banner\" data-event-type=\"promotion\" data-entity-id=\"{{this.id}}\" data-name=\"{{this.banner-name}}\" data-position=\"{{this.location}}\" data-name=\"{{this.banner-name}}\">\r\n                    <div data-event-type=\"promotion-click\">\r\n                        {{{this.content}}}\r\n                    </div>\r\n                </div>\r\n            {{/each}}\r\n        </div>\r\n    {{else}}\r\n        <div class=\"banners\" data-banner-location=\"bottom\">\r\n            <div class=\"banner\">\r\n                {{{limit banners.bottom 1}}}\r\n            </div>\r\n        </div>\r\n    {{/if}}\r\n\r\n{{/if}}\r\n<footer class=\"footer\" role=\"contentinfo\">\r\n    <div class=\"container\">\r\n        <!--{{#if theme_settings.social_icon_placement_bottom '!==' 'bottom_none'}}\r\n            <article class=\"footer-info-col\r\n                footer-info-col--social\r\n                footer-info-col--{{#if theme_settings.social_icon_placement_bottom '===' 'bottom_left'}}left{{else}}right{{/if}}\"\r\n                data-section-type=\"footer-webPages\">\r\n                    <h5 class=\"footer-info-heading\">{{lang 'social.connect'}}</h5>\r\n                    {{> components/common/social-links}}\r\n            </article>\r\n        {{/if}}\r\n        <section class=\"footer-info\">\r\n            <article class=\"footer-info-col footer-info-col--small\" data-section-type=\"footer-webPages\">\r\n                <h5 class=\"footer-info-heading\">{{lang 'footer.navigate'}}</h5>\r\n                <ul class=\"footer-info-list\">\r\n                    {{#each pages}}\r\n                        <li>\r\n                            <a href=\"{{url}}\">{{name}}</a>\r\n                        </li>\r\n                    {{/each}}\r\n                    <li>\r\n                        <a href=\"{{urls.sitemap}}\">{{lang 'sitemap.page_title'}}</a>\r\n                    </li>\r\n                </ul>\r\n            </article>\r\n\r\n            <article class=\"footer-info-col footer-info-col--small\" data-section-type=\"footer-categories\">\r\n                <h5 class=\"footer-info-heading\">{{lang 'footer.categories'}}</h5>\r\n                <ul class=\"footer-info-list\">\r\n                    {{#each categories}}\r\n                        <li>\r\n                            <a href=\"{{url}}\">{{name}}</a>\r\n                        </li>\r\n                    {{/each}}\r\n                </ul>\r\n            </article>\r\n\r\n            {{#and theme_settings.shop_by_brand_show_footer shop_by_brand.length}}\r\n            <article class=\"footer-info-col footer-info-col--small\" data-section-type=\"footer-brands\">\r\n                <h5 class=\"footer-info-heading\">{{lang 'footer.brands'}}</h5>\r\n                <ul class=\"footer-info-list\">\r\n                    {{#each shop_by_brand}}\r\n                        <li>\r\n                            <a href=\"{{url}}\">{{name}}</a>\r\n                        </li>\r\n                    {{/each}}\r\n                    <li><a href=\"{{urls.brands}}\">{{lang 'common.view_all'}}</a></li>\r\n                </ul>\r\n            </article>\r\n            {{/and}}\r\n\r\n            {{#if settings.address}}\r\n            <article class=\"footer-info-col footer-info-col--small\" data-section-type=\"storeInfo\">\r\n                <h5 class=\"footer-info-heading\">{{lang 'footer.info'}}</h5>\r\n                <address>{{nl2br settings.address}}</address>\r\n                {{#if settings.phone_number}}\r\n                    <strong>{{lang 'footer.call_us' phone_number=settings.phone_number}}</strong>\r\n                {{/if}}\r\n            </article>\r\n            {{/if}}\r\n\r\n            <article class=\"footer-info-col\" data-section-type=\"newsletterSubscription\">\r\n                {{#if settings.show_newsletter_box}}\r\n                    {{> components/common/subscription-form}}\r\n                {{/if}}\r\n                {{> components/common/payment-icons}}\r\n            </article>\r\n        </section>\r\n        {{#if theme_settings.geotrust_ssl_common_name}}\r\n            <div class=\"footer-geotrust-ssl-seal\">\r\n                {{> components/common/geotrust-ssl-seal}}\r\n            </div>\r\n        {{/if}}\r\n        {{#if theme_settings.show_powered_by}}\r\n            <div class=\"footer-copyright\">\r\n                <p class=\"powered-by\">Powered by <a href=\"https://www.bigcommerce.com?utm_source=merchant&amp;utm_medium=poweredbyBC\" rel=\"nofollow\">BigCommerce</a></p>\r\n            </div>\r\n        {{/if}}\r\n        {{#if theme_settings.show_copyright_footer}}\r\n            <div class=\"footer-copyright\">\r\n                <p class=\"powered-by\">&copy; {{moment format=\"YYYY\"}} {{settings.store_name}} </p>\r\n            </div>\r\n        {{/if}}\r\n\t\t<!--<div class=\"footer_top_section\">\r\n\t\t\t<div class=\"left_section\">\r\n\t\t\t\t<div class=\"left_inner_section\">\r\n\t\t\t\t\t<h4 class=\"footer_heading\">Store Info</h4>\r\n\t\t\t\t\t<ul>\r\n\t\t\t\t\t\t<li><a href=\"/about-us/\">Learn about Green Top</a></li>\r\n\t\t\t\t\t\t<li><a href=\"/contact-us/\">Store Hours & Contact Info</a></li>\r\n\t\t\t\t\t\t<li><a href=\"/fishing-report/\">Read Our Fishing Report</a></li>\r\n\t\t\t\t\t\t<li><a href=\"/meet-the-pros/\">Meet Our Pros</a></li>\r\n\t\t\t\t\t\t<li><a href=\"/outfitters/\">Outfitters</a></li>\r\n\t\t\t\t\t<!--\t <li><a href=\"/blog/\">Blog</a></li>\r\n\t\t\t\t\t</ul>\r\n\t\t\t\t</div>\r\n\t\t\t\t<div class=\"left_inner_section\">\r\n\t\t\t\t\t<h4 class=\"footer_heading\">Customer Service</h4>\r\n\t\t\t\t\t<ul>\r\n\t\t\t\t\t\t<li><a href=\"/shipping-info/\">Shipping Info</a></li>\r\n\t\t\t\t\t\t<li><a href=\"/returns/\">Returns</a></li>\r\n\t\t\t\t\t\t<li><a href=\"/safety-recalls/\">Safety Recalls</a></li>\r\n\t\t\t\t\t\t<li><a href=\"/useful-links/\">Useful Links</a></li>\r\n\t\t\t\t\t\t{{#each categories}}\r\n\t\t\t\t\t\t{{#if id '==' 582}} \r\n\t\t\t\t\t\t\t<li><a href=\"{{url}}\">Gift Certificates</a></li>\r\n\t\t\t\t\t\t{{/if}}\r\n\t\t\t\t\t\t {{/each}}\r\n\t\t\t\t\t\t<li><a href=\"/privacy-policy-cookie-restriction-mode/\">Privacy Policy</a></li>\r\n\t\t\t\t\t</ul>\r\n\t\t\t\t</div>\r\n\t\t\t\t<div class=\"full_width_part_section\">\r\n\t\t\t\t\t<ul>\r\n\t\t\t\t\t\t<li><a href=\"https://www.facebook.com/GreenTopSportingGoods/\"><img class=\"fb-logo\" alt=\"\" src=\"https://m5e7j4s6.stackpathcdn.com/skin/frontend/greentop/acumen-responsive/images/fb-logo-white.png\"></a></li>\r\n\t\t\t\t\t\t<li><a href=\"https://www.instagram.com/greentophuntfish/\"><img class=\"insta-logo\" alt=\"\" src=\"https://m5e7j4s6.stackpathcdn.com/skin/frontend/greentop/acumen-responsive/images/insta-white.png\"></a></li>\r\n\t\t\t\t\t</ul>\r\n\t\t\t\t</div>\r\n\t\t\t</div>\r\n\t\t\t<div class=\"right_section\">\r\n\t\t\t\t<h4 class=\"footer_heading\">Location</h4>\r\n\t\t\t\t<div class=\"iframe_div\">\r\n\t\t\t\t<iframe src=\"https://maps.google.com/maps?f=q&amp;source=embed&amp;hl=en&amp;geocode=&amp;q=10150+Lakeridge+Parkway,+Ashland,+VA&amp;aq=0&amp;oq=10150+Lakeridge+Pa&amp;sll=38.003385,-79.420925&amp;sspn=7.485589,16.907959&amp;ie=UTF8&amp;hq=&amp;hnear=10150+Lakeridge+Pkwy,+Ashland,+Virginia+23005&amp;t=m&amp;ll=37.684568,-77.453871&amp;spn=0.02717,0.051413&amp;z=14&amp;iwloc=A&amp;output=embed\" height=\"150\" width=\"500\"></iframe>\r\n\t\t\t\t</div>\r\n\t\t\t\t<div class=\"full_section\">\r\n\t\t\t\t\t<p>Call us at <a href=\"tel:(804) 550-2188\">(804) 550-2188</a></p>\r\n\t\t\t\t</div>\r\n\t\t\t</div>\r\n\t\t</div>-->\r\n\t\t<div class=\"footer_top_section\">\r\n\t\t\t<div class=\"left_section\">\r\n\t\t\t    <ul class=\"whole_webpage\">\r\n\t\t\t    {{#each pages}}\r\n\t\t\t\t\t<li>\r\n\t\t\t\t\t\t<a href=\"{{url}}\" value=\"{{name}}\">{{name}}</a>\r\n\t\t\t\t\t</li>\r\n\t\t\t\t{{/each}}\r\n\t\t\t\t</ul>\r\n\t\t\t\t<div class=\"left_inner_section\">\r\n\t\t\t\t\t<h4 class=\"footer_heading\">Store Info</h4>\r\n\t\t\t\t\t<!-- <ul>\r\n\t\t\t\t\t\t<li><a href=\"/about-us/\">Learn about Green Top</a></li>\r\n\t\t\t\t\t\t<li><a href=\"/contact-us/\">Store Hours & Contact Info</a></li>\r\n\t\t\t\t\t\t<li><a href=\"/fishing-report/\">Read Our Fishing Report</a></li>\r\n\t\t\t\t\t\t<li><a href=\"/meet-the-pros/\">Meet Our Pros</a></li>\r\n\t\t\t\t\t\t<li><a href=\"/outfitters/\">Outfitters</a></li>\r\n\t\t\t\t\t\t<li><a href=\"/blog/\">Blog</a></li>\r\n\t\t\t\t\t</ul> -->\r\n\t\t\t\t\t<ul class=\"left_inner_section_Store_Info\">\r\n\t\t\t\t\t\t\r\n\t\t\t\t\t\t<!-- <li>\r\n\t\t\t\t\t\t\t<a href=\"{{urls.sitemap}}\">{{lang 'sitemap.page_title'}}</a>\r\n\t\t\t\t\t\t</li> -->\r\n\t\t\t\t\t</ul>\r\n\t\t\t\t</div>\r\n\t\t\t\t<div class=\"left_inner_section\">\r\n\t\t\t\t\t<h4 class=\"footer_heading\">Customer Service</h4>\r\n\t\t\t\t\t<!-- <ul>\r\n\t\t\t\t\t\t<li><a href=\"/shipping-info/\">Shipping Info</a></li>\r\n\t\t\t\t\t\t<li><a href=\"/returns/\">Returns</a></li>\r\n\t\t\t\t\t\t<li><a href=\"/safety-recalls/\">Safety Recalls</a></li>\r\n\t\t\t\t\t\t<li><a href=\"/useful-links/\">Useful Links</a></li>\r\n\t\t\t\t\t\t<li><a href=\"/giftcertificates.php\">Gift Certificates</a></li>\r\n\t\t\t\t\t\t<li><a href=\"/privacy-policy-cookie-restriction-mode/\">Privacy Policy</a></li>\r\n\t\t\t\t\t</ul> -->\r\n\t\t\t\t\t<ul class=\"right_inner_section_Store_Info\">\r\n\t\t\t\t\t    {{#each categories}}\r\n    \t\t\t\t\t\t{{#if id '==' 582}} \r\n    \t\t\t\t\t\t\t<li><a href=\"{{url}}\">Gift Certificates</a></li>\r\n    \t\t\t\t\t\t{{/if}}\r\n    \t\t\t\t\t{{/each}}\r\n\t\t\t\t\t</ul>\r\n\t\t\t\t</div>\r\n\t\t\t\t<div class=\"full_width_part_section\">\r\n\t\t\t\t\t<ul>\r\n\t\t\t\t\t\t<li><a href=\"https://www.facebook.com/GreenTopSportingGoods/\"><img class=\"fb-logo\" alt=\"\" src=\"https://cdn11.bigcommerce.com/s-2cqhy8s7s9/product_images/uploaded_images/facebook-logo.png\"></a></li>\r\n\t\t\t\t\t\t<li><a href=\"https://www.instagram.com/greentophuntfish/\"><img class=\"insta-logo\" alt=\"\" src=\"https://cdn11.bigcommerce.com/s-2cqhy8s7s9/product_images/uploaded_images/instagram-social-network-logo-of-photo-camera.png\"></a></li>\r\n\t\t\t\t\t</ul>\r\n\t\t\t\t</div>\r\n\t\t\t</div>\r\n\t\t\t<div class=\"right_section\">\r\n\t\t\t\t<h4 class=\"footer_heading\">Location</h4>\r\n\t\t\t\t<div class=\"iframe_div\">\r\n\t\t\t\t<iframe src=\"https://maps.google.com/maps?f=q&amp;source=embed&amp;hl=en&amp;geocode=&amp;q=10150+Lakeridge+Parkway,+Ashland,+VA&amp;aq=0&amp;oq=10150+Lakeridge+Pa&amp;sll=38.003385,-79.420925&amp;sspn=7.485589,16.907959&amp;ie=UTF8&amp;hq=&amp;hnear=10150+Lakeridge+Pkwy,+Ashland,+Virginia+23005&amp;t=m&amp;ll=37.684568,-77.453871&amp;spn=0.02717,0.051413&amp;z=14&amp;iwloc=A&amp;output=embed\" height=\"150\" width=\"500\"></iframe>\r\n\t\t\t\t</div>\r\n\t\t\t\t<div class=\"full_section\">\r\n\t\t\t\t\t<p>Call us at <a href=\"tel:(804) 550-2188\">(804) 550-2188</a></p>\r\n\t\t\t\t</div>\r\n\t\t\t</div>\r\n\t\t</div>\r\n\t\t<div class=\"footer_bottom_section\">\r\n\t\t\t<div class=\"footer_copy_right_section\">\r\n\t\t\t\t<p>&copy; {{moment format=\"YYYY\"}} {{settings.store_name}}. All Rights Reserved.</p>\r\n\t\t\t\t<p><a href=\"/terms-of-use-and-copyright/\">Terms Of Use </a></p>\r\n\t\t\t</div>\r\n\t\t\t<div class=\"footer_seal_section\">\r\n\t\t\t\t<ul>\r\n\t\t\t\t\t<li><a title=\"Green Top Sporting Goods Corp. BBB Business Review\" href=\"https://www.bbb.org/richmond/business-reviews/sporting-goods-retail/green-top-sporting-goods-corp-in-ashland-va-212/#bbbonlineclick\" target=\"_blank\"><img src=\"https://cdn11.bigcommerce.com/s-2cqhy8s7s9/product_images/uploaded_images/blue-seal-200-42-green-top-sporting-goods-corp-212.png\" alt=\"Accredited Business Logo\"/></a></li>\r\n\t\t\t\t\t<li><a href=\"https://www.websecurity.symantec.com/theme/encryption-everywhere\" target=\"_blank\"><img class=\"footer_ssl_img_part\" src=\"https://cdn11.bigcommerce.com/s-2cqhy8s7s9/product_images/uploaded_images/newssllogo-transparent.png\" /></a></li>\r\n\t\t\t\t</ul>\r\n\t\t\t</div>\r\n\t\t</div>\r\n    </div>\r\n</footer>\r\n<script src=\"https://ajax.googleapis.com/ajax/libs/jquery/3.4.1/jquery.min.js\"></script>\r\n<script src=\"https://cdnjs.cloudflare.com/ajax/libs/jquery.countdown/2.1.0/jquery.countdown.min.js\"></script>\r\n<script src=\"https://cdnjs.cloudflare.com/ajax/libs/moment.js/2.10.3/moment-with-locales.min.js\"></script>\r\n<script src=\"https://cdnjs.cloudflare.com/ajax/libs/moment-timezone/0.4.0/moment-timezone-with-data-2010-2020.min.js\"></script>\r\n<script type=\"text/javascript\">\r\n    $(function() {\r\n        var clock_interval1 = setInterval(function(){\r\n             if($(\".clock_down_timer #clock1\").length > 0){\r\n                console.log($('#clock1').length);\r\n                clearInterval(clock_interval1);\r\n                var link = $('.hidden_div1 label#link_banner1').text();;\r\n                var links = link.split(\"'\");\r\n                $('a.text_page_banner_link1').attr(\"href\",links[links.length-2]);\r\n                $('a.click_here_button1').attr(\"href\",links[links.length-2]);\r\n                var text_value = $('.hidden_div1 label#text_banner1').text();\r\n                var text_values = text_value.split(\"'\");\r\n                $('a.text_page_banner_link1').html(text_values[text_values.length-2]);\r\n                var date_time = $('.hidden_div1 label#date_value_end1').text();;\r\n                var date_times = date_time.split(\"'\");\r\n                var end_date = date_times[date_times.length-2];\r\n                console.log(end_date);\r\n                var nextYear = moment.tz(end_date, \"America/New_York\");\r\n                console.log(nextYear);\r\n                console.log($('#clock1').length);\r\n                if (typeof jQuery != 'undefined') {  \r\n                    // jQuery is loaded => print the version\r\n                    console.log(\"jquery\");\r\n                    console.log(jQuery.fn.jquery);\r\n                }\r\n                if(jQuery.fn.jquery == \"3.3.1\"){\r\n                    jQuery.noConflict(true);\r\n                }\r\n                    $('#clock1').countdown(nextYear.toDate(), function(event) { \r\n                        var $this = $(this).html(event.strftime('<div id=\"week_clock\" style=\"display:none;\">%w</div>'\r\n                                                                + '<div><span class=\"day_value_setter\">%d</span> <div class=\"day_shower\">day</div><div class=\"days_shower\">days</div></div> '\r\n                                                                + '<div><span>%H</span> hr</div> '\r\n                                                                + '<div><span>%M</span> min</div> '\r\n                                                                + '<div><span>%S</span> sec</div>'));\r\n                        if($('#week_clock').text() != \"00\"){\r\n                            var days = parseInt($('.day_value_setter').text());\r\n                            var weekly = parseInt($('#week_clock').text());\r\n                            var result_days = days + (7 * weekly) ; \r\n                            if(result_days < 10){\r\n                                $('.day_value_setter').text('0' + result_days);\r\n                            }else{\r\n                                $('.day_value_setter').text(result_days);\r\n                            }\r\n                        }\r\n                        if($('#clock1 .day_value_setter').text() != \"00\" && $('#clock1 .day_value_setter').text() != \"01\"){\r\n                             $('#clock1 .day_shower').css(\"display\",\"none\");\r\n                            $('#clock1 .days_shower').css(\"display\",\"inline-block\");\r\n                        }else{\r\n                             $('#clock1 .day_shower').css(\"display\",\"inline-block\");\r\n                            $('#clock1 .days_shower').css(\"display\",\"none\");\r\n                        }\r\n                        if($this.text() != \"0000 daydays 00 hr 00 min 00 sec\"){\r\n                            $('.timeset1').css(\"display\",\"block\");\r\n                        }else{\r\n                            $('.timeset1').css(\"display\",\"none\");\r\n                        }\r\n                    });\r\n            }\r\n        }, 100);\r\n        var route =  window.location.protocol + '//' + window.location.hostname + ':' + window.location.port;\r\n\t\tvar banner_result;\r\n\t\tvar banner_name;\r\n\t\t\r\n\t\t$.ajax({\r\n            url: route,\r\n            type: 'GET',\r\n            success: function(result) {\r\n\t\t\t\tconsole.log(result);\r\n\t\t\t\t$(result).find('.countdown_clock').each(function(){\r\n\t\t\t\t    banner_result = $(this).html();\r\n\t\t\t\t\tbanner_name = $(this).attr(\"data-name\");\r\n\t\t\t\t\tconsole.log(banner_result);\r\n\t\t\t\t\tconsole.log(banner_name);\r\n\t\t\t\t\t$(\".clock_down_timer\").html(banner_result);\r\n\t\t\t\t});\r\n            }\r\n\t\t});\r\n    });\r\n</script>\r\n<script>\r\n$(window).on(\"load resize\",function(){\r\n    $('.category_filter_section .navList').css(\"display\",\"block\");\r\n\tif($(window).outerWidth() < 800){\r\n\t\t$('.category_filter_section .navList').css(\"display\",\"none\");\r\n\t    $('.category_filter_section .category_up_arrow').css(\"display\",\"none\");\r\n\t\t$('.category_filter_section .category_down_arrow').css(\"display\",\"block\");\r\n\t}\r\n\t/*Equal height*/\r\n\t$.fn.extend({\r\n\t\t  equalHeightsDiv: function() {\r\n\t\t\tvar top=0;\r\n\t\t\tvar row=[];\r\n\t\t\tvar classname=('equalHeights'+Math.random()).replace('.','');\r\n\t\t\t$(this).each(function() {\r\n\t\t\t  var thistop=$(this).offset().top;\r\n\t\t\t  if (thistop>top) {\r\n\t\t\t\t $('.'+classname).removeClass(classname); \r\n\t\t\t\t top=thistop;\r\n\t\t\t  }\r\n\t\t\t  $(this).addClass(classname);\r\n\t\t\t  $(this).height('auto');\r\n\t\t\t  var h=(Math.max.apply(null, $('.'+classname).map(function(){ return $(this).outerHeight(); }).get()));\r\n\t\t\t  $('.'+classname).height(h);\r\n\t\t   }).removeClass(classname); \r\n\t\t }\r\n\t   });   \r\n\r\n\t\tsetTimeout(function(){$('.card-title').equalHeightsDiv()},400);\r\n\t\tsetTimeout(function(){$('.contact_details_section .detail_subsection').equalHeightsDiv()},400);\r\n\t\tsetTimeout(function(){$('.useful_link li').equalHeightsDiv()},700);\r\n\t\tsetTimeout(function(){$('.meet_pros_ul li').equalHeightsDiv()},700);\r\n\t\tsetTimeout(function(){$('.meet_pros_ul li .img_section').equalHeightsDiv()},400);\r\n\t\tsetTimeout(function(){$('.useful_link li .img_section').equalHeightsDiv()},400);\r\n\t\tsetTimeout(function(){$('.useful_link li .content_section p:first-child').equalHeightsDiv()},400);\r\n\t\tsetTimeout(function(){$('.card-figure .card-img-container').equalHeightsDiv()},5000);\r\n\t\tsetTimeout(function(){$('.address .panel--address .panel-body').equalHeightsDiv()},700);\r\n\t\tsetTimeout(function(){$('.wishlist_page .productGrid .card-body').equalHeightsDiv()},700);\r\n\t\tsetTimeout(function(){$('.classes_events .section_blk .section_innerblk').equalHeightsDiv()},700);\r\n\t\tvar header_height=$('header').outerHeight(true);\r\n\t\tvar banner_height=$('.banners').outerHeight(true);\r\n\t\tvar window_height=$(window).outerHeight(true);\r\n\t\tvar footer_height=$('footer').outerHeight(true);\r\n\t\tvar content_section_height=window_height-(header_height+footer_height+banner_height);\r\n\t\tvar content_section_height1=window_height-(header_height+footer_height);\r\n\t\t$('.body').css('min-height',content_section_height1);\r\n\t\t$('.body.home').css('min-height',content_section_height);\r\n});\r\n$(document).ready(function(){\r\n   // console.log(\"ready\");\r\n    var left_store_info = \"Store_Info\";\r\n    var right_store_info = \"Customer_Service\";\r\n    var header_webpage_menu = \"Header_menu\";\r\n    $('.footer_top_section ul.whole_webpage li').each(function(){\r\n        var attr_li_value = $(this).find('a').attr(\"value\");\r\n       // console.log(\"attr_li_value\");\r\n       // console.log(attr_li_value);\r\n        if(attr_li_value.indexOf(left_store_info) != -1){\r\n           // console.log(\"first\");\r\n        \tvar currect_webpage_name = attr_li_value.split(\"/\");\r\n        //\tconsole.log(\"currect_webpage_name\");\r\n        //\tconsole.log(currect_webpage_name[0]);\r\n        \t$(this).find('a').html(currect_webpage_name[0]);\r\n            $('ul.left_inner_section_Store_Info').append($(this));\r\n        }else if(attr_li_value.indexOf(right_store_info)!= -1){\r\n         //   console.log(\"second\");\r\n        \tvar currect_webpage_name = attr_li_value.split(\"/\");\r\n        //\tconsole.log(\"currect_webpage_name\");\r\n        //\tconsole.log(currect_webpage_name[0]);\r\n        \t$(this).find('a').html(currect_webpage_name[0]);\r\n        \t$('ul.right_inner_section_Store_Info').append($(this));\r\n        }\r\n    });\r\n    $('header li.navPages-item.navPages-item-page').each(function(){\r\n         var attr_li_value = $(this).find('a').html();\r\n         if(attr_li_value.indexOf(header_webpage_menu) != -1){\r\n            var currect_webpage_name = attr_li_value.split(\"/\");\r\n        \tconsole.log(currect_webpage_name[0]);\r\n        \t$(this).find('a').html(currect_webpage_name[0]);\r\n        \t$(this).find('a').attr(\"target\",\"_blank\");\r\n        \t/*if(currect_webpage_name[0] == \"SUMMER SALE \"){\r\n        \t    console.log(\"SUMMER SALE \");\r\n        \t    \r\n        \t}*/\r\n            $(this).css(\"display\",\"block\");\r\n        }\r\n    });\r\n    $(\".category_filter_section .category_display_section .sidebarBlock-heading\").click(function(){\r\n\t\tif($(window).outerWidth() < 800){\r\n\t\t\t$('.category_filter_section .navList').slideToggle(function(){\r\n\t\t\t\tif ($('.category_filter_section .navList').css('display') === 'none') {\r\n\t\t\t\t\t$('.category_filter_section .category_up_arrow').css(\"display\",\"none\");\r\n\t\t\t\t\t$('.category_filter_section .category_down_arrow').css(\"display\",\"block\");\r\n\t\t\t\t}\r\n\t\t\t\telse{\r\n\t\t\t\t\t$('.category_filter_section .category_down_arrow').css(\"display\",\"none\");\r\n\t\t\t\t\t$('.category_filter_section .category_up_arrow').css(\"display\",\"block\");\r\n\t\t\t\t}\r\n\t\t\t});\r\n\t\t}\r\n\t});\r\n\t$(\".category_filter_section .category_display_section span\").click(function(){\r\n\t\tif($(window).outerWidth() < 800){\r\n\t\t\t$('.category_filter_section .navList').slideToggle(function(){\r\n\t\t\t\tif ($('.category_filter_section .navList').css('display') === 'none') {\r\n\t\t\t\t\t$('.category_filter_section .category_up_arrow').css(\"display\",\"none\");\r\n\t\t\t\t\t$('.category_filter_section .category_down_arrow').css(\"display\",\"block\");\r\n\t\t\t\t}\r\n\t\t\t\telse{\r\n\t\t\t\t\t$('.category_filter_section .category_down_arrow').css(\"display\",\"none\");\r\n\t\t\t\t\t$('.category_filter_section .category_up_arrow').css(\"display\",\"block\");\r\n\t\t\t\t}\r\n\t\t\t});\r\n\t\t}\r\n\t});\r\n\t$(document).on('change',\"main#product-listing-container fieldset.form-fieldset.actionBar-section .form-field select#sort\", function() {\r\n        setTimeout(function(){\r\n            $('li.product article.card figure.card-figure .card-img-container').equalHeightsDiv();\r\n            $('li.product article.card .card-body').equalHeightsDiv();\r\n            $('li.product article.card .card-body h4.card-title').equalHeightsDiv();\r\n            $('li.product article.card .card-body .card-text').equalHeightsDiv();\r\n        },3000);\r\n    });\r\n    $(document).on(\"click\",\".page.category_page .pagination ul.pagination-list li.pagination-item a.pagination-link\",function(){\r\n       console.log(\"pagination\"); \r\n       setTimeout(function(){\r\n            $('li.product article.card figure.card-figure .card-img-container').equalHeightsDiv();\r\n            $('li.product article.card .card-body').equalHeightsDiv();\r\n            $('li.product article.card .card-body h4.card-title').equalHeightsDiv();\r\n            $('li.product article.card .card-body .card-text').equalHeightsDiv();\r\n        },3000);\r\n    });\r\n    $(document).on(\"click\",\"aside#faceted-search-container\",function(){\r\n        console.log(\"facetedSearch\"); \r\n       setTimeout(function(){\r\n            $('li.product article.card figure.card-figure .card-img-container').equalHeightsDiv();\r\n            $('li.product article.card .card-body').equalHeightsDiv();\r\n            $('li.product article.card .card-body h4.card-title').equalHeightsDiv();\r\n            $('li.product article.card .card-body .card-text').equalHeightsDiv();\r\n        },3000);\r\n    });\r\n\t$(document).on('click',\".quickSearchResults .modal-close\",function(){\r\n\t\t$('.quickSearchResults').css('display','none');\r\n\t});\r\n\t$(document).on('focus','.dropdown--quickSearch .form-input',function(){\r\n\t\t$('.quickSearchResults').css('display','block');\r\n\t\t//setTimeout(function(){$('.productGrid .product .card').equalHeightsDiv()},400);\r\n\t});\r\n\t$('.dropdown--quickSearch .form-input').keydown(function() {\r\n\t\tsetTimeout(function(){$('.productGrid .product .card').equalHeightsDiv()},3500);\r\n\t});\r\n\t$(document).on('click',\".navUser-item--cart\",function(){\r\n\t\t$('.quickSearchResults').css('display','none');\r\n\t});\r\n\t\t$.fn.extend({\r\n\t\t  equalHeightsDiv: function() {\r\n\t\t\tvar top=0;\r\n\t\t\tvar row=[];\r\n\t\t\tvar classname=('equalHeights'+Math.random()).replace('.','');\r\n\t\t\t$(this).each(function() {\r\n\t\t\t  var thistop=$(this).offset().top;\r\n\t\t\t  if (thistop>top) {\r\n\t\t\t\t $('.'+classname).removeClass(classname); \r\n\t\t\t\t top=thistop;\r\n\t\t\t  }\r\n\t\t\t  $(this).addClass(classname);\r\n\t\t\t  $(this).height('auto');\r\n\t\t\t  var h=(Math.max.apply(null, $('.'+classname).map(function(){ return $(this).outerHeight(); }).get()));\r\n\t\t\t  $('.'+classname).height(h);\r\n\t\t   }).removeClass(classname); \r\n\t\t }\r\n\t   });  \r\n\tvar price_dollor = $('dd.productView-info-value.value_with_symbol').html();\r\n\tif(price_dollor.indexOf(\"$\") == -1){\r\n\t\t$('dd.productView-info-value.value_with_symbol').html('$' + price_dollor);\r\n\t}\r\n});\r\n</script>\r\n","components/common/store-logo":"<a href=\"{{urls.home}}\">\n    {{#if settings.store_logo.image}}\n        {{#if theme_settings.logo_size '===' 'original'}}\n            <img class=\"header-logo-image-unknown-size\" src=\"{{getImage settings.store_logo.image 'logo_size'}}\" alt=\"{{settings.store_logo.title}}\" title=\"{{settings.store_logo.title}}\">\n        {{else}}\n            <div class=\"header-logo-image-container\">\n                <img class=\"header-logo-image\" src=\"{{getImage settings.store_logo.image 'logo_size'}}\" alt=\"{{settings.store_logo.title}}\" title=\"{{settings.store_logo.title}}\">\n            </div>\n        {{/if}}\n    {{else}}\n        <span class=\"header-logo-text\">{{settings.store_logo.title}}</span>\n    {{/if}}\n</a>\n","components/common/navigation":"<nav class=\"navUser\">\r\n    {{> components/common/currency-selector}}\r\n\r\n    <ul class=\"navUser-section navUser-section--alt\">\r\n        {{#if customer.store_credit.value '>' 0}}\r\n            <li class=\"navUser-item\">\r\n                <a class=\"navUser-action navUser-action--storeCredit\"\r\n                   data-dropdown=\"storeCredit-dropdown\"\r\n                   data-options=\"align:bottom\"\r\n                   href=\"{{urls.cart}}\">\r\n\t\t\t\t   <span class=\"navUser-action-divider\">{{lang 'common.store_credit_overview' credit=customer.store_credit.formatted}}</span>\r\n                </a>\r\n                <div class=\"dropdown-menu\" id=\"storeCredit-dropdown\" data-dropdown-content aria-hidden=\"true\">\r\n                    {{{lang 'common.store_credit' store_credit=customer.store_credit.formatted}}}\r\n                </div>\r\n            </li>\r\n        {{/if}}\r\n        <li class=\"navUser-item\">\r\n            <a class=\"navUser-action navUser-item--compare\" href=\"{{urls.compare}}\" data-compare-nav>{{lang 'common.compare'}} <span class=\"countPill countPill--positive countPill--alt\"></span></a>\r\n        </li>\r\n        {{#if theme_settings.social_icon_placement_top}}\r\n            <li class=\"navUser-item navUser-item--social\">\r\n                {{> components/common/social-links}}\r\n            </li>\r\n            <li class=\"navUser-item navUser-item--divider\">|</li>\r\n        {{/if}}\r\n\t\t<li class=\"navUser-item navUser-item--search\">\r\n            <a class=\"navUser-action navUser-action--quickSearch\" href=\"#\" data-search=\"quickSearch\" aria-controls=\"quickSearch\" aria-expanded=\"false\"><img src=\"https://cdn11.bigcommerce.com/s-2cqhy8s7s9/product_images/uploaded_images/search.png\" alt=\"Search\"/><span>{{lang 'common.search'}}</span></a>\r\n\t\t\t<div class=\"dropdown dropdown--quickSearch\" id=\"quickSearch\" aria-hidden=\"true\" tabindex=\"-1\" data-prevent-quick-search-close>\r\n\t\t\t\t{{> components/common/quick-search}}\r\n\t\t\t</div>\r\n        </li>\r\n\r\n        <li class=\"navUser-item navUser-item--account\">\r\n\t\t\t{{#if customer}}\r\n                <a class=\"navUser-action\" href=\"{{urls.account.index}}\"><img src=\"https://cdn11.bigcommerce.com/s-2cqhy8s7s9/product_images/uploaded_images/user.png\" alt=\"Login\"/><span>{{lang 'common.account'}}</span></a>\r\n                <a class=\"navUser-action\" href=\"{{urls.auth.logout}}\"><img src=\"https://cdn11.bigcommerce.com/s-2cqhy8s7s9/product_images/uploaded_images/logout.png\"><span class=\"logout_text\">{{lang 'common.logout'}}</span></a>\r\n            {{else}}\r\n                <a class=\"navUser-action\" href=\"{{urls.auth.login}}\"><img src=\"https://cdn11.bigcommerce.com/s-2cqhy8s7s9/product_images/uploaded_images/user.png\" alt=\"Login\"/><span>{{lang 'common.login'}}</span></a>\r\n                {{#if settings.account_creation_enabled}}\r\n                    <span class=\"navUser-or\">{{lang 'common.or'}}</span> <a class=\"navUser-action\" href=\"{{urls.auth.create_account}}\">{{lang 'common.sign_up'}}</a>\r\n                {{/if}}\r\n            {{/if}}\r\n        </li>\r\n        <li class=\"navUser-item navUser-item--cart\">\r\n            <a\r\n                class=\"navUser-action\"\r\n                data-cart-preview\r\n                data-dropdown=\"cart-preview-dropdown\"\r\n                data-options=\"align:right\"\r\n                href=\"{{urls.cart}}\">\r\n               <img src=\"https://cdn11.bigcommerce.com/s-2cqhy8s7s9/product_images/uploaded_images/cart.png\" alt=\"Cart\"/>\r\n                <span class=\"countPill{{#if cart.items}} countPill--positive{{/if}} cart-quantity\">{{cart.quantity}}</span>\r\n            </a>\r\n\r\n            <div class=\"dropdown-menu\" id=\"cart-preview-dropdown\" data-dropdown-content aria-hidden=\"true\"></div>\r\n        </li>\r\n    </ul>\r\n</nav>\r\n","components/common/navigation-menu":"<nav class=\"navPages\">\r\n    <div class=\"navPages-quickSearch\">\r\n        {{> components/common/quick-search}}\r\n    </div>\r\n    <ul class=\"navPages-list{{#if theme_settings.navigation_design '!==' 'simple'}} navPages-list-depth-max{{/if}}\">\r\n        {{#each categories}}\r\n            <li class=\"navPages-item\">\r\n            {{#if ../theme_settings.navigation_design '===' 'simple'}}\r\n                {{> components/common/navigation-list}}\r\n            {{/if}}\r\n            {{#if ../theme_settings.navigation_design '===' 'alternate'}}\r\n                {{> components/common/navigation-list-alternate}}\r\n            {{/if}}\r\n            </li>\r\n        {{/each}}\r\n            {{#unless theme_settings.hide_content_navigation}}\r\n                {{#each pages}}\r\n                     <li class=\"navPages-item navPages-item-page\">\r\n                         <a class=\"navPages-action{{#if name '==' ../page.title}} activePage{{/if}}\" href=\"{{url}}\">{{name}}</a>\r\n                     </li>\r\n                 {{/each}}\r\n            {{/unless}}\r\n\t\t<!--<li class=\"navPages-item\">\r\n\t\t\t<a class=\"navPages-action\" href=\"javascript:void(0);\">Shop</a>\r\n\t\t</li>\r\n\t\t<li class=\"navPages-item\">\r\n\t\t\t<a class=\"navPages-action\" href=\"javascript:void(0);\">Learn</a>\r\n\t\t</li>\r\n\t\t<li class=\"navPages-item\">\r\n\t\t\t<a class=\"navPages-action\" href=\"javascript:void(0);\">Outfitters</a>\r\n\t\t</li>\r\n\t\t<li class=\"navPages-item\">\r\n\t\t\t<a class=\"navPages-action\" href=\"javascript:void(0);\">Gift Cards</a>\r\n\t\t</li>\r\n\t\t<li class=\"navPages-item\">\r\n\t\t\t<a class=\"navPages-action\" href=\"javascript:void(0);\">Store Hours & Contact Info</a>\r\n\t\t</li>-->\r\n    </ul>\r\n    <ul class=\"navPages-list navPages-list--user\">\r\n        {{#if currency_selector.currencies.length '>' 1}}\r\n            <li class=\"navPages-item\">\r\n                <a class=\"navPages-action has-subMenu\" href=\"#\" data-collapsible=\"navPages-currency\" aria-controls=\"navPages-currency\" aria-expanded=\"false\">\r\n                    {{lang 'common.currency' code=currency_selector.active_currency_code}} <i class=\"icon navPages-action-moreIcon\" aria-hidden=\"true\"><svg><use xmlns:xlink=\"http://www.w3.org/1999/xlink\" xlink:href=\"#icon-chevron-down\"></use></svg></i>\r\n                </a>\r\n                <div class=\"navPage-subMenu\" id=\"navPages-currency\" aria-hidden=\"true\" tabindex=\"-1\">\r\n                    <ul class=\"navPage-subMenu-list\">\r\n                        {{#each currency_selector.currencies}}\r\n                        <li class=\"navPage-subMenu-item\">\r\n                            <a class=\"navPage-subMenu-action navPages-action\" href=\"{{{switch_url}}}\">\r\n                                {{#if is_active}}\r\n                                    <strong>{{name}}</strong>\r\n                                {{else}}\r\n                                    {{name}}\r\n                                {{/if}}\r\n                            </a>\r\n                        </li>\r\n                        {{/each}}\r\n                    </ul>\r\n                </div>\r\n            </li>\r\n        {{/if}}\r\n        {{#if settings.gift_certificates_enabled}}\r\n            <li class=\"navPages-item\">\r\n                <a class=\"navPages-action\" href=\"{{urls.gift_certificate.purchase}}\">{{lang 'common.gift_cert'}}</a>\r\n            </li>\r\n        {{/if}}\r\n        {{#if customer.store_credit.value '>' 0}}\r\n            <li class=\"navPages-item\">\r\n                <a class=\"navPages-action navPages-action--storeCredit\">\r\n                    {{lang 'common.store_credit_overview' credit=customer.store_credit.formatted}}\r\n                </a>\r\n            </li>\r\n        {{/if}}\r\n        {{#if theme_settings.product_list_display_mode '==' 'list'}}\r\n            <li class=\"navPages-item\">\r\n                <a class=\"navPages-action navPages-action--compare\" href=\"{{urls.compare}}\" data-compare-nav>{{lang 'common.compare'}} <span class=\"countPill countPill--positive countPill--alt\"></span></a>\r\n            </li>\r\n        {{/if}}\r\n        {{#if customer}}\r\n            <li class=\"navPages-item\">\r\n                <a class=\"navPages-action has-subMenu\" href=\"{{urls.account.index}}\" data-collapsible=\"navPages-account\">\r\n                    {{lang 'common.account'}} <i class=\"icon navPages-action-moreIcon\" aria-hidden=\"true\"><svg><use xlink:href=\"#icon-chevron-down\" /></svg></i>\r\n                </a>\r\n                <div class=\"navPage-subMenu\" id=\"navPages-account\" aria-hidden=\"true\" tabindex=\"-1\">\r\n                    <ul class=\"navPage-subMenu-list\">\r\n                        <li class=\"navPage-subMenu-item\">\r\n                            <a class=\"navPage-subMenu-action navPages-action\" href=\"{{urls.account.orders.all}}\">{{lang 'account.nav.orders'}}</a>\r\n                        </li>\r\n                        {{#if settings.returns_enabled}}\r\n                            <li class=\"navPage-subMenu-item\">\r\n                                <a class=\"navPage-subMenu-action navPages-action\" href=\"{{urls.account.returns}}\">{{lang 'account.nav.returns'}}</a>\r\n                            </li>\r\n                        {{/if}}\r\n                        <li class=\"navPage-subMenu-item\">\r\n                            <a class=\"navPage-subMenu-action navPages-action\" href=\"{{urls.account.inbox}}\">{{lang 'account.mobile_nav.messages'}}</a>\r\n                        </li>\r\n                        <li class=\"navPage-subMenu-item\">\r\n                            <a class=\"navPage-subMenu-action navPages-action\" href=\"{{urls.account.addresses}}\">{{lang 'account.nav.addresses'}}</a>\r\n                        </li>\r\n                        {{#if settings.show_payment_methods}}\r\n                            <li class=\"navPage-subMenu-item\">\r\n                                <a class=\"navPage-subMenu-action navPages-action\" href=\"{{urls.account.payment_methods.all}}\">{{lang 'account.nav.payment_methods'}}</a>\r\n                            </li>\r\n                        {{/if}}\r\n                        <li class=\"navPage-subMenu-item\">\r\n                            <a class=\"navPage-subMenu-action navPages-action\" href=\"{{urls.account.wishlists.all}}\">{{lang 'account.mobile_nav.wishlists'}}</a>\r\n                        </li>\r\n                        <li class=\"navPage-subMenu-item\">\r\n                            <a class=\"navPage-subMenu-action navPages-action\" href=\"{{urls.account.recent_items}}\">{{lang 'account.nav.recently_viewed'}}</a>\r\n                        </li>\r\n                        <li class=\"navPage-subMenu-item\">\r\n                            <a class=\"navPage-subMenu-action navPages-action\" href=\"{{urls.account.details}}\">{{lang 'account.nav.settings'}}</a>\r\n                        </li>\r\n                    </ul>\r\n                </div>\r\n            </li>\r\n            <li class=\"navPages-item\">\r\n                <a class=\"navPages-action\" href=\"{{urls.auth.logout}}\">{{lang 'common.logout'}}</a>\r\n            </li>\r\n        {{else}}\r\n            <li class=\"navPages-item\">\r\n                <a class=\"navPages-action\" href=\"{{urls.auth.login}}\">{{lang 'common.login'}}</a>\r\n                {{#if settings.account_creation_enabled}}\r\n                    {{lang 'common.or'}} <a class=\"navPages-action\" href=\"{{urls.auth.create_account}}\">{{lang 'common.sign_up'}}</a>\r\n                {{/if}}\r\n            </li>\r\n        {{/if}}\r\n        {{#if theme_settings.social_icon_placement_top}}\r\n            <li class=\"navPages-item\">\r\n                {{> components/common/social-links}}\r\n            </li>\r\n        {{/if}}\r\n    </ul>\r\n</nav>\r\n","components/common/modal":"<div id=\"modal\" class=\"modal\" data-reveal data-prevent-quick-search-close>\n    <a href=\"#\" class=\"modal-close\" aria-label=\"{{lang 'common.close'}}\" role=\"button\">\n        <span aria-hidden=\"true\">&#215;</span>\n    </a>\n    <div class=\"modal-content\"></div>\n    <div class=\"loadingOverlay\"></div>\n</div>\n","components/common/alert-modal":"<div id=\"alert-modal\" class=\"modal modal--alert modal--small\" data-reveal data-prevent-quick-search-close>\n    <div class=\"swal2-icon swal2-error swal2-animate-error-icon\"><span class=\"swal2-x-mark swal2-animate-x-mark\"><span class=\"swal2-x-mark-line-left\"></span><span class=\"swal2-x-mark-line-right\"></span></span></div>\n\n    <div class=\"modal-content\"></div>\n\n    <div class=\"button-container\"><button type=\"button\" class=\"confirm button\" data-reveal-close>OK</button></div>\n</div>\n","components/common/social-links":"{{#if social_media}}\n    <ul class=\"socialLinks socialLinks--alt\">\n        {{#each social_media}}\n            <li class=\"socialLinks-item\">\n                {{#if display_name '===' 'google+'}}\n                    <a class=\"icon icon--google\" href=\"{{url}}\" target=\"_blank\">\n                        <svg><use xlink:href=\"#icon-google\" /></svg>\n                    </a>\n                {{else}}\n                    <a class=\"icon icon--{{display_name}}\" href=\"{{url}}\" target=\"_blank\">\n                        <svg><use xlink:href=\"#icon-{{display_name}}\" /></svg>\n                    </a>\n                {{/if}}\n            </li>\n        {{/each}}\n    </ul>\n{{/if}}\n","components/common/subscription-form":"<div class=\"left_section\">\n<h5 class=\"footer-info-heading\">{{lang 'newsletter.subscribe'}}</h5>\n<p>{{lang 'newsletter.subscribe_intro'}}</p>\n</div>\n<div class=\"right_section\">\n<form class=\"form\" action=\"{{urls.subscribe.action}}\" method=\"post\">\n    <fieldset class=\"form-fieldset\">\n        <input type=\"hidden\" name=\"action\" value=\"subscribe\">\n        <input type=\"hidden\" name=\"nl_first_name\" value=\"bc\">\n        <input type=\"hidden\" name=\"check\" value=\"1\">\n        <div class=\"form-field\">\n            <label class=\"form-label is-srOnly\" for=\"nl_email\">{{lang 'common.email_address'}}</label>\n            <div class=\"form-prefixPostfix wrap\">\n                <input class=\"form-input\" id=\"nl_email\" name=\"nl_email\" type=\"email\" value=\"{{customer.email}}\" placeholder=\"{{lang 'newsletter.email_placeholder'}}\">\n                <input class=\"button button--primary form-prefixPostfix-button--postfix\" type=\"submit\" value=\"{{lang 'newsletter.subscribe_submit'}}\">\n            </div>\n            {{#if settings.show_newsletter_summary }}\n                <div class=\"footer-newsletter-summary\">{{settings.newsletter_summary}}</div>\n            {{/if}}\n        </div>\n    </fieldset>\n</form>\n</div>\n","components/common/payment-icons":"{{#with theme_settings}}\n    {{#or show_accept_amex show_accept_discover show_accept_mastercard show_accept_paypal show_accept_visa}}\n        <div class=\"footer-payment-icons\">\n            {{#if show_accept_amex}}\n                <svg class=\"footer-payment-icon\"><use xlink:href=\"#icon-logo-american-express\"></use></svg>\n            {{/if}}\n            {{#if show_accept_discover}}\n                <svg class=\"footer-payment-icon\"><use xlink:href=\"#icon-logo-discover\"></use></svg>\n            {{/if}}\n            {{#if show_accept_mastercard}}\n                <svg class=\"footer-payment-icon\"><use xlink:href=\"#icon-logo-mastercard\"></use></svg>\n            {{/if}}\n            {{#if show_accept_paypal}}\n                <svg class=\"footer-payment-icon\"><use xlink:href=\"#icon-logo-paypal\"></use></svg>\n            {{/if}}\n            {{#if show_accept_visa}}\n                <svg class=\"footer-payment-icon\"><use xlink:href=\"#icon-logo-visa\"></use></svg>\n            {{/if}}\n        </div>\n    {{/or}}\n{{/with}}\n","components/common/geotrust-ssl-seal":"<table width=\"135\" border=\"0\" cellpadding=\"2\" cellspacing=\"0\" title=\"Click to Verify - This site chose GeoTrust SSL for secure e-commerce and confidential communications.\">\n    <tr>\n        <td width=\"135\" align=\"center\" valign=\"top\">\n            <script type=\"text/javascript\" src=\"https://seal.geotrust.com/getgeotrustsslseal?host_name={{theme_settings.geotrust_ssl_common_name}}&amp;size={{theme_settings.geotrust_ssl_seal_size}}&amp;lang={{locale_name}}\"></script><br />\n            <a href=\"http://www.geotrust.com/ssl/\" target=\"_blank\"  style=\"color:#000000; text-decoration:none; font:bold 7px verdana,sans-serif; letter-spacing:.5px; text-align:center; margin:0px; padding:0px;\"></a>\n        </td>\n    </tr>\n</table>\n","components/common/currency-selector":"{{#if currency_selector.currencies.length '>' 1}}\n<ul class=\"navUser-section\">\n    <li class=\"navUser-item\">\n        <a class=\"navUser-action navUser-action--currencySelector has-dropdown\" href=\"#\" data-dropdown=\"currencySelection\" aria-controls=\"currencySelection\" aria-expanded=\"false\">{{lang 'common.currency' code=currency_selector.active_currency_code}} <i class=\"icon\" aria-hidden=\"true\"><svg><use xlink:href=\"#icon-chevron-down\" /></svg></i></a>\n        <ul class=\"dropdown-menu\" id=\"currencySelection\" data-dropdown-content aria-hidden=\"true\" tabindex=\"-1\">\n            {{#each currency_selector.currencies}}\n            <li class=\"dropdown-menu-item\">\n                <a href=\"{{{switch_url}}}\">\n                    {{#if is_active}}\n                    <strong>{{name}}</strong>\n                    {{else}}\n                    {{name}}\n                    {{/if}}\n                </a>\n            </li>\n            {{/each}}\n        </ul>\n    </li>\n</ul>\n{{/if}}\n","components/common/quick-search":"<div class=\"container\">\n    {{{ snippet \"forms_search\"}}}\n    <form class=\"form\" action=\"{{urls.search}}\">\n        <fieldset class=\"form-fieldset\">\n            <div class=\"form-field\">\n                <label class=\"is-srOnly\" for=\"search_query\">{{lang \"search.quick_search.input_label\"}}</label>\n                <input class=\"form-input\" data-search-quick name=\"search_query\" id=\"search_query\" data-error-message=\"{{lang 'search.error.empty_field'}}\" placeholder=\"{{lang 'search.quick_search.input_placeholder'}}\" autocomplete=\"off\">\n            </div>\n        </fieldset>\n    </form>\n    <section class=\"quickSearchResults\" data-bind=\"html: results\"></section>\n</div>\n","components/common/navigation-list":"{{#if children}}\n<a class=\"navPages-action has-subMenu{{#if is_active}} activePage{{/if}}\" href=\"{{url}}\" data-collapsible=\"navPages-{{id}}\">\n    {{name}} <i class=\"icon navPages-action-moreIcon\" aria-hidden=\"true\"><svg><use xlink:href=\"#icon-chevron-down\" /></svg></i>\n</a>\n<div class=\"navPage-subMenu\" id=\"navPages-{{id}}\" aria-hidden=\"true\" tabindex=\"-1\">\n    <ul class=\"navPage-subMenu-list\">\n        <li class=\"navPage-subMenu-item\">\n            <a class=\"navPage-subMenu-action navPages-action\" href=\"{{url}}\">{{lang 'category.view_all.name' category=name}}</a>\n        </li>\n        {{#each children}}\n            <li class=\"navPage-subMenu-item\">\n                {{#if children}}\n                    <a\n                        class=\"navPage-subMenu-action navPages-action has-subMenu{{#if is_active}} activePage{{/if}}\"\n                        href=\"{{url}}\"\n                        data-collapsible=\"navPages-{{id}}\"\n                        data-collapsible-disabled-breakpoint=\"medium\"\n                        data-collapsible-disabled-state=\"open\"\n                        data-collapsible-enabled-state=\"closed\">\n                        {{name}} <i class=\"icon navPages-action-moreIcon\" aria-hidden=\"true\"><svg><use xlink:href=\"#icon-chevron-down\" /></svg></i>\n                    </a>\n                    <ul class=\"navPage-childList\" id=\"navPages-{{id}}\">\n                        {{#each children}}\n                        <li class=\"navPage-childList-item\">\n                            <a class=\"navPage-childList-action navPages-action{{#if is_active}} activePage{{/if}}\" href=\"{{url}}\">{{name}}</a>\n                        </li>\n                        {{/each}}\n                    </ul>\n                {{else}}\n                    <a class=\"navPage-subMenu-action navPages-action{{#if is_active}} activePage{{/if}}\" href=\"{{url}}\">{{name}}</a>\n                {{/if}}\n            </li>\n        {{/each}}\n    </ul>\n</div>\n{{else}}\n<a class=\"navPages-action{{#if is_active}} activePage{{/if}}\" href=\"{{url}}\">{{name}}</a>\n{{/if}}\n","components/common/navigation-list-alternate":"{{#if children}}\n    <a class=\"navPages-action navPages-action-depth-max has-subMenu is-root{{#if is_active}} activePage{{/if}}\" href=\"{{url}}\" data-collapsible=\"navPages-{{id}}\">\n        {{name}} <i class=\"icon navPages-action-moreIcon\" aria-hidden=\"true\"><svg><use xlink:href=\"#icon-chevron-down\" /></svg></i>\n    </a>\n    {{> components/common/navigation-dropdown}}\n{{else}}\n    <a class=\"navPages-action{{#if is_active}} activePage{{/if}}\" href=\"{{url}}\">{{name}}</a>\n{{/if}}\n","components/common/navigation-dropdown":"<div class=\"navPage-subMenu navPage-subMenu-horizontal\" id=\"navPages-{{id}}\" aria-hidden=\"true\" tabindex=\"-1\">\n    <ul class=\"navPage-subMenu-list\">\n        <li class=\"navPage-subMenu-item-parent\">\n            <a class=\"navPage-subMenu-action navPages-action navPages-action-depth-max\" href=\"{{url}}\">{{lang 'category.view_all.name' category=name}}</a>\n        </li>\n        {{#each children}}\n            <li class=\"navPage-subMenu-item-child\">\n                {{#if children}}\n                    <a class=\"navPage-subMenu-action navPages-action navPages-action-depth-max has-subMenu{{#if is_active}} activePage{{/if}}\" href=\"{{url}}\" data-collapsible=\"navPages-{{id}}\">\n                        {{name}} <i class=\"icon navPages-action-moreIcon\" aria-hidden=\"true\"><svg><use xlink:href=\"#icon-chevron-down\" /></svg></i>\n                    </a>\n                    {{> components/common/navigation-dropdown}}\n                {{else}}\n                    <a class=\"navPage-subMenu-action navPages-action{{#if is_active}} activePage{{/if}}\" href=\"{{url}}\">{{name}}</a>\n                {{/if}}\n            </li>\n        {{/each}}\n    </ul>\n</div>\n"}