{"components/products/product-view":"<div class=\"productView\" {{#if settings.data_tag_enabled}} data-event-type=\"product\" data-entity-id=\"{{product.id}}\" data-name=\"{{product.title}}\" data-product-category=\"{{#each product.category}}{{#if @last}}{{this}}{{else}}{{this}}, {{/if}}{{/each}}\" data-product-brand=\"{{product.brand.name}}\" data-product-price=\"{{#if product.price.with_tax}}{{product.price.with_tax.value}}{{else}}{{product.price.without_tax.value}}{{/if}}\" data-product-variant=\"single-product-option\"{{/if}}>\r\n{{#each product.reviews.messages}}\r\n        {{#if error}}\r\n            {{> components/common/alert-error error}}\r\n        {{/if}}\r\n        {{#if success}}\r\n            {{> components/common/alert-success success}}\r\n        {{/if}}\r\n    {{/each}}\r\n\t<section class=\"productView-images\" data-image-gallery>\r\n        <figure class=\"productView-image\"\r\n                data-image-gallery-main\r\n                {{#if product.main_image}}\r\n                data-zoom-image=\"{{getImage product.main_image 'zoom_size' (cdn theme_settings.default_image_product)}}\"\r\n                {{/if}}\r\n                >\r\n            <div class=\"productView-img-container\">\r\n                {{!-- Remove the surrounding a-element if there is no main image. --}}\r\n                {{#if product.main_image}}\r\n                    <a href=\"{{getImage product.main_image 'zoom_size' (cdn theme_settings.default_image_product)}}\">\r\n                {{/if}}\r\n\r\n                <img class=\"productView-image--default lazyload\"\r\n                     data-sizes=\"auto\"\r\n                     src=\"{{cdn 'img/loading.svg'}}\"\r\n                     data-src=\"{{getImage product.main_image 'product_size' (cdn theme_settings.default_image_product)}}\"\r\n                     alt=\"{{product.main_image.alt}}\" title=\"{{product.main_image.alt}}\" data-main-image>\r\n\r\n                {{#if product.main_image}}\r\n                    </a>\r\n                {{/if}}\r\n            </div>\r\n        </figure>\r\n        <ul class=\"productView-thumbnails\"{{#gt product.images.length 4}} data-slick='{\r\n                \"infinite\": false,\r\n                \"mobileFirst\": true,\r\n                \"slidesToShow\": 4,\r\n                \"slidesToScroll\": 1\r\n            }'{{/gt}}>\r\n            {{#each product.images}}\r\n                <li class=\"productView-thumbnail\">\r\n                    <a\r\n                        class=\"productView-thumbnail-link\"\r\n                        href=\"{{getImage this 'product_size' (cdn ../theme_settings.default_image_product)}}\"\r\n                        data-image-gallery-item\r\n                        data-image-gallery-new-image-url=\"{{getImage this 'product_size' (cdn ../theme_settings.default_image_product)}}\"\r\n                        data-image-gallery-zoom-image-url=\"{{getImage this 'zoom_size' (cdn ../theme_settings.default_image_product)}}\">\r\n                        <img class=\"lazyload\" data-sizes=\"auto\" src=\"{{cdn 'img/loading.svg'}}\" data-src=\"{{getImage this 'productview_thumb_size' (cdn ../theme_settings.default_image_product)}}\" alt=\"{{this.alt}}\" title=\"{{this.alt}}\">\r\n                    </a>\r\n                </li>\r\n            {{/each}}\r\n        </ul>\r\n    </section>\r\n    <section class=\"productView-details\">\r\n        <div class=\"productView-product\">\r\n            <h1 class=\"productView-title\" {{#if schema}}itemprop=\"name\"{{/if}}>{{product.title}}</h1>\r\n            \r\n            <!-- Verified Reviews -->\r\n            <div class=\"NETREVIEWS_PRODUCT_STARS\" data-product-id=\"{{product.id}}\"></div>\r\n            <!-- Verified Reviews -->\r\n            {{#comment}}\r\n            {{#if product.brand}}\r\n                <h2 class=\"productView-brand\"{{#if schema}} itemprop=\"brand\" itemscope itemtype=\"http://schema.org/Brand\"{{/if}}>\r\n                    <a href=\"{{product.brand.url}}\"{{#if schema}} itemprop=\"url\"{{/if}}><span{{#if schema}} itemprop=\"name\"{{/if}}>{{product.brand.name}}</span></a>\r\n                </h2>\r\n            {{/if}}\r\n\t\t\t {{/comment}}\r\n            {{#if product.call_for_price}}\r\n                <p class=\"productView-price\">\r\n                    <span>{{product.call_for_price}}</span>\r\n                </p>\r\n            {{/if}}\r\n            <div class=\"productView-price\">\r\n                {{#or customer (if theme_settings.restrict_to_login '!==' true)}}\r\n                    {{> components/products/price price=product.price schema_org=schema}}\r\n                {{else}}\r\n                    {{> components/common/login-for-pricing}}\r\n                {{/or}}\r\n            </div>\r\n            {{{region name=\"product_below_price\"}}}\r\n            <div class=\"productView-rating\"{{#if product.num_reviews '>' 0}}{{#if schema}} itemprop=\"aggregateRating\" itemscope itemtype=\"http://schema.org/AggregateRating\"{{/if}}{{/if}}>\r\n                {{#if settings.show_product_rating}}\r\n                    {{#if product.num_reviews '>' 0}}\r\n                        {{#if schema}}\r\n                            <meta itemprop=\"ratingValue\" content=\"{{product.rating}}\">\r\n                            <meta itemprop=\"ratingCount\" content=\"{{product.num_reviews}}\">\r\n                            <meta itemprop=\"reviewCount\" content=\"{{product.num_reviews}}\">\r\n                        {{/if}}\r\n                    {{/if}}\r\n                    {{> components/products/ratings rating=product.rating}}\r\n                    <span class=\"productView-reviewLink\">\r\n                        {{#if product.num_reviews '>' 0}}\r\n                            <a href=\"{{product.url}}#product-reviews\">\r\n                                {{lang 'products.reviews.link_to_review' total=product.num_reviews}}\r\n                            </a>\r\n                        {{else}}\r\n                            {{lang 'products.reviews.link_to_review' total=product.num_reviews}}\r\n                        {{/if}}\r\n                    </span>\r\n                {{/if}}\r\n                {{#if settings.show_product_reviews}}\r\n                    <span class=\"productView-reviewLink\">\r\n                        <a href=\"{{product.url}}{{#if is_ajax}}#write_review{{/if}}\"\r\n                           {{#unless is_ajax }}data-reveal-id=\"modal-review-form\"{{/unless}}>\r\n                           {{lang 'products.reviews.new'}}\r\n                        </a>\r\n                    </span>\r\n                    {{> components/products/modals/writeReview}}\r\n                {{/if}}\r\n            </div>\r\n            {{product.detail_messages}}\r\n            <dl class=\"productView-info\">\r\n                {{#if product.sku}}\r\n                    <dt class=\"productView-info-name\">{{lang 'products.sku'}}</dt>\r\n                    <dd class=\"productView-info-value pro_sku\" data-product-sku>{{product.sku}}</dd>\r\n                {{/if}}\r\n                {{#if product.upc}}\r\n                    <dt class=\"productView-info-name\">{{lang 'products.upc'}}</dt>\r\n                    <dd class=\"productView-info-value\" data-product-upc>{{product.upc}}</dd>\r\n                {{/if}}\r\n                {{#if product.condition}}\r\n                    <dt class=\"productView-info-name\">{{lang 'products.condition'}}</dt>\r\n                    <dd class=\"productView-info-value\">{{product.condition}}</dd>\r\n                {{/if}}\r\n                {{#if product.availability}}\r\n                    <dt class=\"productView-info-name\">{{lang 'products.availability'}}</dt>\r\n                    <dd class=\"productView-info-value\">{{product.availability}}</dd>\r\n                {{/if}}\r\n                {{#all product.weight theme_settings.show_product_weight}}\r\n                    <dt class=\"productView-info-name\">{{lang 'products.weight'}}</dt>\r\n                    <dd class=\"productView-info-value\" data-product-weight>{{product.weight}}</dd>\r\n                {{/all}}\r\n                {{#all product.width product.height product.depth theme_settings.show_product_dimensions}}\r\n                    <dt class=\"productView-info-name\">{{lang 'products.width'}}</dt>\r\n                    <dd class=\"productView-info-value\" data-product-width>\r\n                        {{product.width}}\r\n                        {{#if settings.measurements.length '==' 'Centimeters'}}\r\n                        ({{lang 'products.measurement.metric'}})\r\n                        {{else}}\r\n                        ({{lang 'products.measurement.imperial'}})\r\n                        {{/if}}\r\n                    </dd>\r\n                    <dt class=\"productView-info-name\">{{lang 'products.height'}}</dt>\r\n                    <dd class=\"productView-info-value\" data-product-height>\r\n                        {{product.height}}\r\n                        {{#if settings.measurements.length '==' 'Centimeters'}}\r\n                        ({{lang 'products.measurement.metric'}})\r\n                        {{else}}\r\n                        ({{lang 'products.measurement.imperial'}})\r\n                        {{/if}}\r\n                    </dd>\r\n                    <dt class=\"productView-info-name\">{{lang 'products.depth'}}</dt>\r\n                    <dd class=\"productView-info-value\" data-product-depth>\r\n                        {{product.depth}}\r\n                        {{#if settings.measurements.length '==' 'Centimeters'}}\r\n                        ({{lang 'products.measurement.metric'}})\r\n                        {{else}}\r\n                        ({{lang 'products.measurement.imperial'}})\r\n                        {{/if}}\r\n                    </dd>\r\n                {{/all}}\r\n                {{#if product.min_purchase_quantity}}\r\n                    <dt class=\"productView-info-name\">{{lang 'products.min_purchase_quantity'}}</dt>\r\n                    <dd class=\"productView-info-value\">{{lang 'products.purchase_units' quantity=product.min_purchase_quantity}}</dd>\r\n                {{/if}}\r\n                {{#if product.max_purchase_quantity}}\r\n                    <dt class=\"productView-info-name\">{{lang 'products.max_purchase_quantity'}}</dt>\r\n                    <dd class=\"productView-info-value\">{{lang 'products.purchase_units' quantity=product.max_purchase_quantity}}</dd>\r\n                {{/if}}\r\n                {{#if product.gift_wrapping_available}}\r\n                    <dt class=\"productView-info-name\">{{lang 'products.gift_wrapping'}}</dt>\r\n                    <dd class=\"productView-info-value\">{{lang 'products.gift_wrapping_available'}}</dd>\r\n                {{/if}}\r\n                {{#if product.shipping}}\r\n                    {{#if product.shipping.calculated}}\r\n                        <dt class=\"productView-info-name\">{{lang 'products.shipping'}}</dt>\r\n                        <dd class=\"productView-info-value\">{{lang 'products.shipping_calculated'}}</dd>\r\n                    {{else}}\r\n                        {{#if product.shipping.price.value '===' 0}}\r\n                            <dt class=\"productView-info-name\">{{lang 'products.shipping'}}</dt>\r\n                            <dd class=\"productView-info-value\">{{lang 'products.shipping_free'}}</dd>\r\n                        {{else}}\r\n                            <dt class=\"productView-info-name\">{{lang 'products.shipping'}}</dt>\r\n                            <dd class=\"productView-info-value\">{{lang 'products.shipping_fixed' amount=product.shipping.price.formatted}}</dd>\r\n                        {{/if}}\r\n                    {{/if}}\r\n                {{/if}}\r\n\r\n                {{#if settings.bulk_discount_enabled}}\r\n                    <div class=\"productView-info-bulkPricing\">\r\n                        {{> components/products/bulk-discount-rates bulk_discount_rates=product.bulk_discount_rates}}\r\n                    </div>\r\n                {{/if}}\r\n\r\n                {{#each product.custom_fields}}\r\n\t\t\t\t\t{{#if name \"==\" 'Additional Shipping Charge'}}\r\n                    <dt class=\"productView-info-name\">{{name}}:</dt>\r\n                    <dd class=\"productView-info-value value_with_symbol\">{{{value}}}</dd>\r\n\t\t\t\t\t{{else}}\r\n\t\t\t\t\t<dt class=\"productView-info-name\">{{name}}:</dt>\r\n                    <dd class=\"productView-info-value\">{{{value}}}</dd>\r\n\t\t\t\t\t{{/if}}\r\n                {{/each}}\r\n            </dl>\r\n        </div>\r\n    </section>\r\n\r\n    \r\n\r\n    <section class=\"productView-details\">\r\n        <div class=\"productView-options\">\r\n            {{#if product.release_date }}\r\n                <p>{{product.release_date}}</p>\r\n            {{/if}}\r\n            <form class=\"form\" method=\"post\" action=\"{{product.cart_url}}\" enctype=\"multipart/form-data\"\r\n                  data-cart-item-add>\r\n                <input type=\"hidden\" name=\"action\" value=\"add\">\r\n                <input type=\"hidden\" name=\"product_id\" value=\"{{product.id}}\"/>\r\n\t\t\t\t<input type=\"hidden\" class=\"id_product\" name=\"product_id\" value=\"{{product.id}}\"/>\r\n                <div data-product-option-change style=\"display:none;\">\r\n                    {{#each product.options}}\r\n                        {{{dynamicComponent 'components/products/options'}}}\r\n                    {{/each}}\r\n                </div>\r\n\t\t\t\t<div class=\"availability_option\">\r\n\t\t\t\t\t<div class=\"form-field\" data-product-attribute=\"set-select\">\r\n\t\t\t\t\t\t<label class=\"form-label form-label--alternate form-label--inlineSmall\" for=\"attribute_select_avail\">\r\n\t\t\t\t\t\t\tAvailability:\r\n\t\t\t\t\t\t\t\t<small>{{lang 'common.required'}}</small>\r\n\t\t\t\t\t\t</label>\r\n\r\n\t\t\t\t\t\t<input class=\"form-radio sel_avail\" type=\"radio\" id='store_pickup_avail' name=\"avail_method\" value=\"INS\" required>\r\n\t\t\t\t\t\t<label class=\"form-label\" for=\"store_pickup_avail\">Pickup In-Store</label>\r\n\t\t\t\t\t\t<h5 class=\"store_address\">10150 Lakeridge Pkwy Ashland, VA 23005 USA</h5>\r\n\r\n\t\t\t\t\t\t<input class=\"form-radio sel_avail\" type=\"radio\" id='shipping_avail' name=\"avail_method\" value=\"SHIP\">\r\n\t\t\t\t\t\t<label class=\"form-label\" for=\"shipping_avail\">Ship to an Address</label>\r\n\t\t\t\t\t</div>\r\n\t\t\t\t</div>\r\n                <div class=\"form-field form-field--stock{{#unless product.stock_level}} u-hiddenVisually{{/unless}}\">\r\n                    <label class=\"form-label form-label--alternate\">\r\n                        {{lang 'products.current_stock'}}\r\n                        <span data-product-stock>{{product.stock_level}}</span>\r\n                    </label>\r\n                </div>\r\n                {{#if product.can_purchase}}\r\n                    {{> components/products/add-to-cart}}\r\n                {{/if}}\r\n                {{#if product.out_of_stock}}\r\n                    {{#if product.out_of_stock_message}}\r\n                        {{> components/common/alert-error product.out_of_stock_message}}\r\n                    {{else}}\r\n                        {{> components/common/alert-error (lang 'products.sold_out')}}\r\n                    {{/if}}\r\n                {{/if}}\r\n            </form>\r\n            {{#if settings.show_wishlist}}\r\n                {{> components/common/wishlist-dropdown}}\r\n            {{/if}}\r\n        </div>\r\n        {{> components/common/share}}\r\n        {{{snippet 'product_details'}}}\r\n    </section>\r\n\r\n    <article class=\"productView-description\"{{#if schema}} itemprop=\"description\"{{/if}}>\r\n        {{#if theme_settings.show_product_details_tabs}}\r\n            {{> components/products/description-tabs}}\r\n        {{else}}\r\n            {{> components/products/description  settings=../settings}}\r\n        {{/if}}\r\n    </article>\r\n</div>\r\n\r\n<!-- Verified Reviews -->\r\n<div class=\"NETREVIEWS_PRODUCT_REVIEWS\" data-product-id=\"{{product.id}}\"></div>\r\n<!-- Verified Reviews -->\r\n\r\n<div id=\"previewModal\" class=\"modal modal--large\" data-reveal>\r\n    <a href=\"#\" class=\"modal-close\" aria-label=\"{{lang 'common.close'}}\" role=\"button\">\r\n        <span aria-hidden=\"true\">&#215;</span>\r\n    </a>\r\n    <div class=\"modal-content\"></div>\r\n    <div class=\"loadingOverlay\"></div>\r\n</div>\r\n\r\n<script src=\"https://ajax.googleapis.com/ajax/libs/jquery/3.4.1/jquery.min.js\"></script>\r\n<script>\r\n\r\n$(document).ready(function(){\r\n\tvar id=$(\".id_product\").val();\r\n\tvar availabiliy_selected;\r\n\tvar all_sku;\r\n\tconsole.log(id);\r\n\t$.ajax({\r\n\t\ttype:\"POST\",\r\n\t\turl: \"https://apps.arizonreports.cloud/GreenTop/get_sku_bpn_details.php\",\r\n\t\tdata: {\"bc_product_id\":id},\r\n\t\tsuccess:function(result){\r\n\t\t\tall_sku=result;\r\n\t\t\tconsole.log(all_sku);\r\n\t\t}\r\n\t});\r\n\t$(\".product_options_select\").change(function(){\r\n\t\t$(\".form-radio\").prop('checked',false);\r\n\t\t$(\"#form-action-addToCart\").css('pointer-events', 'none');\r\n\t\tvar all_not_selected = 0;\r\n\t\t$(\".product_options_select\").each(function(){\r\n\t\t\t var all_selected = $(this).children(\"option:selected\").val();\r\n\t\t\t if(all_selected == ''){\r\n\t\t\t\t all_not_selected = 1;\r\n\t\t\t }\r\n\t\t});\r\n\t\tif(all_not_selected == 0){\r\n\t\t\t//$(\".availability_option\").html('');\r\n\t\t\tsetTimeout(function(){\r\n\t\t\t\tvar product_sku = $(\".pro_sku\").text();\r\n\t\t\t\tvar all_sku_array = jQuery.parseJSON(all_sku);\r\n\t\t\t\t$(all_sku_array).each(function(){\r\n\t\t\t\t\tif(this.sku == product_sku){\r\n\t\t\t\t\t\tif(this.BPN == 'INS-SHIP'){\r\n\t\t\t\t\t\t\tvar avail_content = '<div class=\"form-field\" data-product-attribute=\"set-select\"><label class=\"form-label form-label--alternate form-label--inlineSmall\" for=\"attribute_select_avail\">Availability:<small> Required</small></label><input class=\"form-radio sel_avail\" name=\"avail_method\" type=\"radio\" value=\"INS\" id=\"store_pickup_avail\" required><label class=\"form-label\" for=\"store_pickup_avail\">Pickup In-Store</label><h5 class=\"store_address\">10150 Lakeridge Pkwy Ashland, VA 23005 USA</h5><input class=\"form-radio sel_avail\" name=\"avail_method\" type=\"radio\" value=\"SHIP\" id=\"shipping_avail\"><label class=\"form-label\" for=\"shipping_avail\">Ship to an Address</label></div>';\r\n\t\t\t\t\t\t\t$(\".Availability-Method\").find(\"input.form-input\").val(\"INS-SHIP\");\r\n\t\t\t\t\t\t}else if(this.BPN == 'INS'){\r\n\t\t\t\t\t\t\tvar avail_content = '<div class=\"form-field\" data-product-attribute=\"set-select\"><label class=\"form-label form-label--alternate form-label--inlineSmall\" for=\"attribute_select_avail\">Availability:<small> Required</small></label><input class=\"form-radio sel_avail\" name=\"avail_method\" type=\"radio\" value=\"INS\" id=\"store_pickup_avail\" required><label class=\"form-label\" for=\"store_pickup_avail\">Pickup In-Store</label><h5 class=\"store_address\">10150 Lakeridge Pkwy Ashland, VA 23005 USA</h5><input class=\"form-radio\" type=\"radio\" name=\"avail_method\" value=\"\" id=\"shipping_avail\" disabled><label class=\"form-label\" for=\"shipping_avail\">Ship to an Address</label></div>';\r\n\t\t\t\t\t\t\t$(\".Availability-Method\").find(\"input.form-input\").val(\"INS\");\r\n\t\t\t\t\t\t}else if (this.BPN == 'SHIP'){\r\n\t\t\t\t\t\t\tvar avail_content = '<div class=\"form-field\" data-product-attribute=\"set-select\"><label class=\"form-label form-label--alternate form-label--inlineSmall\" for=\"attribute_select_avail\">Availability:<small> Required</small></label><input class=\"form-radio\" name=\"avail_method\" type=\"radio\" value=\"\" id=\"store_pickup_avail\" disabled required><label class=\"form-label\" for=\"store_pickup_avail\">Pickup In-Store</label><h5 class=\"store_address\">10150 Lakeridge Pkwy Ashland, VA 23005 USA</h5><input class=\"form-radio sel_avail\" name=\"avail_method\" type=\"radio\" value=\"SHIP\" id=\"shipping_avail\"><label class=\"form-label\" for=\"shipping_avail\">Ship to an Address</label></div>';\r\n\t\t\t\t\t\t\t$(\".Availability-Method\").find(\"input.form-input\").val(\"SHIP\");\r\n\t\t\t\t\t\t}\r\n\t\t\t\t\t\t$(\".availability_option\").html(avail_content);\r\n\t\t\t\t\t\tif(this.BPN == 'INS'){\r\n\t\t\t\t\t\t\t$(\"#store_pickup_avail\").prop('checked',true);\r\n\t\t\t\t\t\t\t$(\".Selected-Availability\").find(\"input.form-input\").val($(\"#store_pickup_avail\").val());\r\n\t\t\t\t\t\t}else if (this.BPN == 'SHIP'){\r\n\t\t\t\t\t\t\t$(\"#shipping_avail\").prop('checked',true);\r\n\t\t\t\t\t\t\t$(\".Selected-Availability\").find(\"input.form-input\").val($(\"#shipping_avail\").val());\r\n\t\t\t\t\t\t}\r\n\t\t\t\t\t\tvar selected=$(\".Selected-Availability\").find(\"input.form-input\").val();\r\n\t\t\t\t\t\tif(selected==\"SHIP\"){\r\n\t\t\t\t\t\t\tif($(\"#shipping_avail\").attr('disabled') != 'disabled'){\r\n\t\t\t\t\t\t\t\t$(\"#shipping_avail\").prop('checked',true);\r\n\t\t\t\t\t\t\t}\r\n\t\t\t\t\t\t}else if(selected==\"INS\"){\r\n\t\t\t\t\t\t\tif($(\"#store_pickup_avail\").attr('disabled') != 'disabled'){\r\n\t\t\t\t\t\t\t\t$(\"#store_pickup_avail\").prop('checked',true);\r\n\t\t\t\t\t\t\t}\r\n\t\t\t\t\t\t}else{\r\n\t\t\t\t\t\t\tconsole.log(selected);\r\n\t\t\t\t\t\t}\r\n\t\t\t\t\t}\r\n\t\t\t\t});\r\n\t\t\t},2000);\r\n\t\t}\r\n\t\tsetTimeout(function(){\r\n\t\t\t$(\"#form-action-addToCart\").css('pointer-events', 'auto');\r\n\t\t},2000);\r\n\t});\r\n\t$(document).on(\"click\",\".sel_avail\",function(){\r\n\t\tavailabiliy_selected=$(this).val();\r\n\t\tconsole.log(availabiliy_selected);\r\n\t\t$(\".Selected-Availability\").find(\"input.form-input\").val(availabiliy_selected);\r\n\t});\r\n});\r\n</script>\r\n<style>\r\ninput#store_pickup_avail[disabled] + [for='store_pickup_avail'], input#shipping_avail[disabled] + [for='shipping_avail']{opacity: 0.5;}\r\n.store_address{color: #839FB4;margin-top: -8px;font-size: 14px;margin-left: 25px;}\r\n.Availability-Method, .Selected-Availability{display:none;}\r\n</style>\n","components/common/alert-error":"<div class=\"alertBox alertBox--error\">\n    <div class=\"alertBox-column alertBox-icon\">\n        <icon glyph=\"ic-error\" class=\"icon\" aria-hidden=\"true\"><svg xmlns=\"http://www.w3.org/2000/svg\" width=\"24\" height=\"24\" viewBox=\"0 0 24 24\"><path d=\"M12 2C6.48 2 2 6.48 2 12s4.48 10 10 10 10-4.48 10-10S17.52 2 12 2zm1 15h-2v-2h2v2zm0-4h-2V7h2v6z\"></path></svg></icon>\n    </div>\n    <p class=\"alertBox-column alertBox-message\">\n        <span>{{{this}}}</span>\n    </p>\n</div>\n","components/common/alert-success":"<div class=\"alertBox alertBox--success\">\n    <div class=\"alertBox-column alertBox-icon\">\n        <icon glyph=\"ic-success\" class=\"icon\" aria-hidden=\"true\"><svg xmlns=\"http://www.w3.org/2000/svg\" width=\"24\" height=\"24\" viewBox=\"0 0 24 24\"><path d=\"M12 2C6.48 2 2 6.48 2 12s4.48 10 10 10 10-4.48 10-10S17.52 2 12 2zm1 15h-2v-2h2v2zm0-4h-2V7h2v6z\"></path></svg></icon>\n    </div>\n    <p class=\"alertBox-column alertBox-message\">\n        <span>{{{this}}}</span>\n    </p>\n</div>\n","components/products/price":"{{!-- There are 2 code paths for generating the PDP pricing HTML determined by the following #and condition. \nIf a 'price_range' exists then we generate all HTML in price-range.html, otherwise it is defined here. Both code\npaths generate the same HTML structure with some differences in whether that element is displayed by default (css styling).\n\nIf you are making a change here or in price-range.html, you probably want to make that change in both files. --}}\n\n{{#and price.price_range (if theme_settings.price_ranges '==' true)}}\n    {{> components/products/price-range price=price schema_org=schema_org}}\n{{else}}\n    {{#if price.with_tax}}\n        <div class=\"price-section price-section--withTax rrp-price--withTax\" {{#unless price.rrp_with_tax}}style=\"display: none;\"{{/unless}}>\n            {{theme_settings.pdp-retail-price-label}}\n            <span data-product-rrp-with-tax class=\"price price--rrp\">\n                {{price.rrp_with_tax.formatted}}\n            </span>\n        </div>\n        <div class=\"price-section price-section--withTax non-sale-price--withTax\" {{#unless price.non_sale_price_with_tax}}style=\"display: none;\"{{/unless}}>\n            {{theme_settings.pdp-non-sale-price-label}}\n            <span data-product-non-sale-price-with-tax class=\"price price--non-sale\">\n                {{price.non_sale_price_with_tax.formatted}}\n            </span>\n        </div>\n        <div class=\"price-section price-section--withTax\" {{#if schema_org}}itemprop=\"offers\" itemscope itemtype=\"http://schema.org/Offer\"{{/if}}>\n            <span class=\"price-label\" {{#if price.non_sale_price_with_tax}}style=\"display: none;\"{{/if}}>\n                {{theme_settings.pdp-price-label}}\n            </span>\n            <span class=\"price-now-label\" {{#unless price.non_sale_price_with_tax}}style=\"display: none;\"{{/unless}}>\n                {{theme_settings.pdp-sale-price-label}}\n            </span>\n            <span data-product-price-with-tax class=\"price price--withTax\">{{price.with_tax.formatted}}</span>\n            {{#if schema_org}}\n                <meta itemprop=\"availability\" content=\"{{product.availability}}\">\n                <meta itemprop=\"itemCondition\" itemtype=\"http://schema.org/OfferItemCondition\" content=\"http://schema.org/{{product.condition}}Condition\">\n                <div itemprop=\"priceSpecification\" itemscope itemtype=\"http://schema.org/PriceSpecification\">\n                    <meta itemprop=\"price\" content=\"{{price.with_tax.value}}\">\n                    <meta itemprop=\"priceCurrency\" content=\"{{currency_selector.active_currency_code}}\">\n                    <meta itemprop=\"valueAddedTaxIncluded\" content=\"true\">\n                </div>\n            {{/if}}\n            {{#if price.without_tax}}\n                <abbr title=\"{{lang 'products.including_tax'}}\">{{lang 'products.price_with_tax' tax_label=price.tax_label}}</abbr>\n            {{/if}}\n        </div>\n    {{/if}}\n    {{#if price.without_tax}}\n        <div class=\"price-section price-section--withoutTax rrp-price--withoutTax{{#if price.with_tax}} price-section--minor{{/if}}\" {{#unless price.rrp_without_tax}}style=\"display: none;\"{{/unless}}>\n            {{theme_settings.pdp-retail-price-label}}\n            <span data-product-rrp-price-without-tax class=\"price price--rrp\"> \n                {{price.rrp_without_tax.formatted}}\n            </span>\n        </div>\n        <div class=\"price-section price-section--withoutTax non-sale-price--withoutTax{{#if price.with_tax}} price-section--minor{{/if}}\" {{#unless price.non_sale_price_without_tax}}style=\"display: none;\"{{/unless}}>\n            {{theme_settings.pdp-non-sale-price-label}}\n            <span data-product-non-sale-price-without-tax class=\"price price--non-sale\">\n                {{price.non_sale_price_without_tax.formatted}}\n            </span>\n        </div>\n        <div class=\"price-section price-section--withoutTax\" {{#if schema_org}}itemprop=\"offers\" itemscope itemtype=\"http://schema.org/Offer\"{{/if}}>\n            <span class=\"price-label\" {{#if price.non_sale_price_without_tax}}style=\"display: none;\"{{/if}}>\n                {{theme_settings.pdp-price-label}}\n            </span>\n            <span class=\"price-now-label\" {{#unless price.non_sale_price_without_tax}}style=\"display: none;\"{{/unless}}>\n                {{theme_settings.pdp-sale-price-label}}\n            </span>\n            <span data-product-price-without-tax class=\"price price--withoutTax{{#if price.with_tax}} price-section--minor{{/if}}\">{{price.without_tax.formatted}}</span>\n            {{#if schema_org}}\n                <meta itemprop=\"availability\" itemtype=\"http://schema.org/ItemAvailability\"\n                    content=\"http://schema.org/{{#if product.pre_order}}PreOrder{{else if product.out_of_stock}}OutOfStock{{else if product.can_purchase '===' false}}OutOfStock{{else}}InStock{{/if}}\">\n                <meta itemprop=\"itemCondition\" itemtype=\"http://schema.org/OfferItemCondition\" content=\"http://schema.org/{{product.condition}}Condition\">\n                <div itemprop=\"priceSpecification\" itemscope itemtype=\"http://schema.org/PriceSpecification\">\n                    <meta itemprop=\"price\" content=\"{{price.without_tax.value}}\">\n                    <meta itemprop=\"priceCurrency\" content=\"{{currency_selector.active_currency_code}}\">\n                    <meta itemprop=\"valueAddedTaxIncluded\" content=\"false\">\n                </div>\n            {{/if}}\n            {{#if price.with_tax}}\n                <abbr title=\"{{lang 'products.excluding_tax'}}\">{{lang 'products.price_without_tax' tax_label=price.tax_label}}</abbr>\n            {{/if}}\n        </div>\n    {{/if}}\n    {{#if page_type '===' 'product'}}\n         <div class=\"price-section price-section--saving price\" {{#unless price.saved}}style=\"display: none;\"{{/unless}}>\n                <span class=\"price\">{{lang 'products.you_save_opening_text'}}</span>\n                <span data-product-price-saved class=\"price price--saving\">\n                    {{price.saved.formatted}}\n                </span>\n                <span class=\"price\">{{lang 'products.you_save_closing_bracket'}}</span>\n         </div>\n    {{/if}}\n{{/and}}\n","components/common/login-for-pricing":"<p translate>Log in for pricing</p>\n","components/products/ratings":"{{#for 1 5}}\n    {{#if ../this.rating '>=' $index}}\n        <span class=\"icon icon--ratingFull\">\n            <svg>\n                <use xlink:href=\"#icon-star\" />\n            </svg>\n        </span>\n    {{else}}\n        <span class=\"icon icon--ratingEmpty\">\n            <svg>\n                <use xlink:href=\"#icon-star\" />\n            </svg>\n        </span>\n    {{/if}}\n{{/for}}\n{{{snippet 'product_rating'}}}\n","components/products/modals/writeReview":"<div id=\"modal-review-form\" class=\"modal\" data-reveal>\n    {{inject 'reviewRating' (lang 'forms.validate.reviews.rating')}}\n    {{inject 'reviewSubject' (lang 'forms.validate.reviews.title')}}\n    {{inject 'reviewComment' (lang 'forms.validate.reviews.comment')}}\n    {{inject 'reviewEmail' (lang 'forms.validate.common.email_address')}}\n    <div class=\"modal-header\">\n        <h2 class=\"modal-header-title\">{{lang 'products.reviews.write_a_review'}}</h2>\n        <a href=\"#\" class=\"modal-close\" aria-label=\"{{lang 'common.close'}}\" role=\"button\">\n            <span aria-hidden=\"true\">&#215;</span>\n        </a>\n    </div>\n    <div class=\"modal-body\">\n        <div class=\"writeReview-productDetails\">\n            <div class=\"writeReview-productImage-container\">\n                <img class=\"lazyload\" data-sizes=\"auto\" src=\"{{cdn 'img/loading.svg'}}\" data-src=\"{{getImage product.main_image 'product_size' (cdn theme_settings.default_image_product)}}\">\n            </div>\n            <h6 class=\"product-brand\">{{ product.brand.name }}</h6>\n            <h5 class=\"product-title\">{{ product.title }}</h5>\n        </div>\n        <form class=\"form writeReview-form\" action=\"{{ urls.product.post_review }}\" method=\"post\">\n            <fieldset class=\"form-fieldset\">\n                <div class=\"form-field\">\n                    <label class=\"form-label\" for=\"rating-rate\">{{lang 'products.reviews.rating_label'}}\n                        <small>{{lang 'common.required' }}</small>\n                    </label>\n                    <!-- Stars -->\n                    <!-- TODO: Review Stars need to be componentised, both for display and input -->\n                    <select id=\"rating-rate\" class=\"form-select\" name=\"revrating\">\n                        <option value=\"\">{{lang 'products.reviews.select_rating'}}</option>\n                        {{#for 1 5}}\n                            {{#if ../product.reviews.selected_rating '===' $index}}\n                                <option selected value=\"{{$index}}\">{{lang (concat 'products.reviews.rating.' $index) }}</option>\n                            {{else}}\n                                <option value=\"{{$index}}\">{{lang (concat 'products.reviews.rating.' $index) }}</option>\n                            {{/if}}\n                        {{/for}}\n                    </select>\n                </div>\n\n                <!-- Name -->\n                {{#if product.reviews.author}}\n                    {{> components/common/forms/text id=\"revfromname\" name=\"revfromname\" label=(lang 'products.reviews.form_write.name') value=product.reviews.author}}\n                {{else}}\n                    {{> components/common/forms/text id=\"revfromname\" name=\"revfromname\" label=(lang 'products.reviews.form_write.name') value=customer.name}}\n                {{/if}}\n\n                {{#if product.reviews.show_review_email}}\n                    <!-- Email -->\n                    {{#if product.reviews.email}}\n                        {{> components/common/forms/text id=\"email\" name=\"email\" required=\"false\" label=(lang 'products.reviews.form_write.email') value=product.reviews.email}}\n                    {{else}}\n                        {{> components/common/forms/text id=\"email\" name=\"email\" required=\"false\" label=(lang 'products.reviews.form_write.email') value=customer.email}}\n                    {{/if}}\n                {{/if}}\n\n                <!-- Review Subject -->\n                {{> components/common/forms/text id=\"revtitle\" name=\"revtitle\" required=\"true\" label=(lang 'products.reviews.form_write.subject') value=product.reviews.title}}\n\n                <!-- Comments -->\n                {{> components/common/forms/multiline id=\"revtext\" name=\"revtext\" required=\"true\" label=(lang 'products.reviews.form_write.comments') value=product.reviews.text}}\n\n                {{{product.reviews.recaptcha.markup}}}\n\n                <div class=\"form-field\">\n                    <input type=\"submit\" class=\"button button--primary\"\n                           value=\"{{lang 'products.reviews.form_write.submit_value' }}\">\n                </div>\n                <input type=\"hidden\" name=\"product_id\" value=\"{{ product.id }}\">\n                <input type=\"hidden\" name=\"action\" value=\"post_review\">\n                {{#if product.reviews.throttleToken}}<input type=\"hidden\" name=\"throttleToken\" value=\"{{product.reviews.throttleToken}}\">{{/if}}\n            </fieldset>\n        </form>\n    </div>\n</div>\n","components/products/bulk-discount-rates":"{{#if bulk_discount_rates.length}}\n    {{#if product}}<dt class=\"productView-info-name\">{{lang 'products.bulk_pricing.title'}}</dt>{{/if}}\n    <dd class=\"productView-info-value\">\n        <a href=\"{{url}}\"\n           {{#unless is_ajax }}data-reveal-id=\"bulkPricingModal{{#if id}}-{{id}}-{{$index}}{{/if}}\"{{/unless}}>\n            {{lang 'products.bulk_pricing.view'}}\n        </a>\n    </dd>\n    <div id=\"bulkPricingModal{{#if id}}-{{id}}-{{$index}}{{/if}}\" class=\"modal modal--small\" data-reveal>\n        <div class=\"modal-header\">\n            <h2 class=\"modal-header-title\">{{lang 'products.bulk_pricing.modal_title'}}</h2>\n            <a href=\"#\" class=\"modal-close\" aria-label=\"Close\"><span aria-hidden=\"true\">&#215;</span></a>\n        </div>\n        <div class=\"modal-body\">\n            <p>{{lang 'products.bulk_pricing.instructions'}}</p>\n            <ul>\n                {{#each bulk_discount_rates}}\n                <li>\n                    {{lang 'products.bulk_pricing.range' min=min max=max}}\n                    {{#if type '===' 'percent'}}\n                    {{lang 'products.bulk_pricing.percent' discount=discount.formatted}}\n                    {{/if}}\n                    {{#if type '===' 'fixed'}}\n                    {{lang 'products.bulk_pricing.fixed' discount=discount.formatted}}\n                    {{/if}}\n                    {{#if type '===' 'price'}}\n                    {{lang 'products.bulk_pricing.price' discount=discount.formatted}}\n                    {{/if}}\n                </li>\n                {{/each}}\n            </ul>\n        </div>\n    </div>\n{{/if}}\n","components/products/add-to-cart":"{{#if theme_settings.show_product_quantity_box}}\n    <div class=\"form-field form-field--increments\">\n        <label class=\"form-label form-label--alternate\"\n               for=\"qty[]\">{{lang 'products.quantity'}}</label>\n            <div class=\"form-increment\" data-quantity-change>\n                <button class=\"button button--icon\" data-action=\"dec\">\n                    <span class=\"is-srOnly\">{{lang 'products.quantity_decrease'}}</span>\n                    <i class=\"icon\" aria-hidden=\"true\">\n                        <svg>\n                            <use xlink:href=\"#icon-keyboard-arrow-down\"/>\n                        </svg>\n                    </i>\n                </button>\n                <input class=\"form-input form-input--incrementTotal\"\n                       id=\"qty[]\"\n                       name=\"qty[]\"\n                       type=\"tel\"\n                       value=\"{{#if product.min_purchase_quantity}}{{product.min_purchase_quantity}}{{else}}1{{/if}}\"\n                       data-quantity-min=\"{{product.min_purchase_quantity}}\"\n                       data-quantity-max=\"{{product.max_purchase_quantity}}\"\n                       min=\"1\"\n                       pattern=\"[0-9]*\"\n                       aria-live=\"polite\">\n                <button class=\"button button--icon\" data-action=\"inc\">\n                    <span class=\"is-srOnly\">{{lang 'products.quantity_increase'}}</span>\n                    <i class=\"icon\" aria-hidden=\"true\">\n                        <svg>\n                            <use xlink:href=\"#icon-keyboard-arrow-up\"/>\n                        </svg>\n                    </i>\n                </button>\n            </div>\n    </div>\n{{/if}}\n\n<div class=\"alertBox productAttributes-message\" style=\"display:none\">\n    <div class=\"alertBox-column alertBox-icon\">\n        <icon glyph=\"ic-success\" class=\"icon\" aria-hidden=\"true\"><svg xmlns=\"http://www.w3.org/2000/svg\" width=\"24\" height=\"24\" viewBox=\"0 0 24 24\"><path d=\"M12 2C6.48 2 2 6.48 2 12s4.48 10 10 10 10-4.48 10-10S17.52 2 12 2zm1 15h-2v-2h2v2zm0-4h-2V7h2v6z\"></path></svg></icon>\n    </div>\n    <p class=\"alertBox-column alertBox-message\"></p>\n</div>\n{{#or customer (if theme_settings.restrict_to_login '!==' true)}}\n    <div class=\"form-action\">\n        <input id=\"form-action-addToCart\" data-wait-message=\"{{lang 'products.adding_to_cart'}}\" class=\"button button--primary\" type=\"submit\"\n            value=\"{{#if product.pre_order}}{{lang 'products.pre_order'}}{{else}}{{lang 'products.add_to_cart'}}{{/if}}\">\n    </div>\n     {{{snippet 'product_addtocart'}}}\n{{/or}}\n","components/common/wishlist-dropdown":"<form action=\"{{product.add_to_wishlist_url}}\" class=\"form form-wishlist form-action\" data-wishlist-add method=\"post\">\n    <a aria-controls=\"wishlist-dropdown\" aria-expanded=\"false\" class=\"button dropdown-menu-button\" data-dropdown=\"wishlist-dropdown\">\n        <span>{{lang 'account.wishlists.add_item'}}</span>\n        <i aria-hidden=\"true\" class=\"icon\">\n            <svg>\n                <use xlink:href=\"#icon-chevron-down\" />\n            </svg>\n        </i>\n    </a>\n    <ul aria-hidden=\"true\" class=\"dropdown-menu\" data-dropdown-content id=\"wishlist-dropdown\" tabindex=\"-1\">\n        {{#if customer.wishlists}} {{#each customer.wishlists}}\n        <li>\n            <input class=\"button {{#if this.num_items '!==' '0'}}button--has-items{{/if}}\" formaction=\"{{this.add_url}}&product_id={{../product.id}}\"\n                type=\"submit\" value=\"{{this.name}}\">\n        </li>\n        {{/each}} {{else}}\n        <li>\n            <input class=\"button\" type=\"submit\" value=\"{{lang 'account.wishlists.add_to_default'}}\">\n        </li>\n        {{/if}}\n        <li>\n            <a data-wishlist class=\"button\" href=\"/wishlist.php?action=addwishlist&product_id={{product.id}}\">{{lang 'account.wishlists.create_new'}}</a>\n        </li>\n    </ul>\n</form>\n","components/common/share":"{{#if settings.add_this.buttons}}\n    <div class=\"addthis_toolbox addthis_32x32_style\" addthis:url=\"{{url}}\"\n         addthis:title=\"{{title}}\">\n        <ul class=\"socialLinks\">\n            {{#each settings.add_this.buttons}}\n                <li class=\"socialLinks-item socialLinks-item--{{service}}\">\n                    <a class=\"addthis_button_{{service}} icon icon--{{service}}\" {{{annotation}}}>\n                        {{#if service '===' 'google_plusone'}}\n                            <!-- No custom icons allowed with g+ -->\n                        {{/if}}\n\n                        {{#if service '===' 'facebook'}}\n                            <svg>\n                                <use xlink:href=\"#icon-facebook\"/>\n                            </svg>\n                        {{/if}}\n\n                        {{#if service '===' 'email'}}\n                            <svg>\n                                <use xlink:href=\"#icon-envelope\"/>\n                            </svg>\n                        {{/if}}\n\n                        {{#if service '===' 'print'}}\n                            <svg>\n                                <use xlink:href=\"#icon-print\"/>\n                            </svg>\n                        {{/if}}\n\n                        {{#if service '===' 'twitter'}}\n                            <svg>\n                                <use xlink:href=\"#icon-twitter\"/>\n                            </svg>\n                        {{/if}}\n\n                        {{#if service '===' 'linkedin'}}\n                            <svg>\n                                <use xlink:href=\"#icon-linkedin\"/>\n                            </svg>\n                        {{/if}}\n\n                        {{#if service '===' 'google'}}\n                            <svg>\n                                <use xlink:href=\"#icon-google\"/>\n                            </svg>\n                        {{/if}}\n\n                        {{#if service '===' 'pinterest'}}\n                            <svg>\n                                <use xlink:href=\"#icon-pinterest\"/>\n                            </svg>\n                        {{/if}}\n\n                        {{#if service '===' 'facebook_like'}}\n                            <svg>\n                                <use xlink:href=\"#icon-facebook_like\"/>\n                            </svg>\n                        {{/if}}\n                    </a>\n                </li>\n            {{/each}}\n        </ul>\n        <script type=\"text/javascript\"\n                defer src=\"//s7.addthis.com/js/300/addthis_widget.js#pubid=ra-4e94ed470ee51e32\"></script>\n        <script>  \n            window.addEventListener('DOMContentLoaded', function() {\n                if (typeof(addthis) === \"object\") {\n                    addthis.toolbox('.addthis_toolbox');\n                }\n            });\n        </script>\n    </div>\n{{/if}}\n","components/products/description-tabs":"<ul class=\"tabs\" data-tab>\n    <li class=\"tab is-active\">\n        <a class=\"tab-title\" href=\"#tab-description\">{{lang 'products.description'}}</a>\n    </li>\n    {{#if product.warranty}}\n        <li class=\"tab\">\n            <a class=\"tab-title\" href=\"#tab-warranty\">{{lang 'products.warranty'}}</a>\n        </li>\n    {{/if}}\n    {{#all settings.show_product_reviews theme_settings.show_product_reviews_tabs product.reviews.total}}\n        <li class=\"tab\">\n            <a class=\"tab-title productView-reviewTabLink\" href=\"#tab-reviews\">{{lang 'products.reviews.header' total=product.reviews.total}}</a>\n        </li>\n    {{/all}}\n</ul>\n<div class=\"tabs-contents\">\n    <div class=\"tab-content is-active\" id=\"tab-description\">\n        {{{product.description}}}\n        {{{snippet 'product_description'}}}\n    </div>\n   {{#if product.warranty}}\n       <div class=\"tab-content\" id=\"tab-warranty\">\n           {{{product.warranty}}}\n       </div>\n   {{/if}}\n   {{#all settings.show_product_reviews theme_settings.show_product_reviews_tabs}}\n       <div class=\"tab-content\" id=\"tab-reviews\">\n           {{> components/products/reviews reviews=product.reviews product=product urls=urls}}\n       </div>\n   {{/all}}\n</div>\n","components/products/description":"<p class=\"productView-title\">{{lang 'products.description'}}</p>\n<div class=\"productView-description\" {{#if settings.data_tag_enabled}} data-event-type=\"product\" {{/if}}>\n    {{{product.description}}}\n    {{{snippet 'product_description'}}}\n</div>\n\n{{#if product.warranty}}\n    <p class=\"productView-title\">{{lang 'products.warranty'}}</p>\n    <div class=\"productView-description\">\n        {{{product.warranty}}}\n    </div>\n{{/if}}\n","components/products/options/date":"<div class=\"form-field\" data-product-attribute=\"date\">\n    <label class=\"form-label form-label--alternate form-label--inlineSmall\" {{#if style}}style=\"{{style}}\" {{/if}}>\n        {{this.display_name}}:\n\n        {{#if required}}\n            <small>{{lang 'common.required'}}</small>\n        {{/if}}\n    </label>\n    <select class=\"form-select form-select--date\" name=\"attribute[{{this.id}}][month]\" {{#if required}}required{{/if}}>\n        <option value=\"\">{{lang 'common.month'}}</option>\n        {{#for 1 12}}\n            <option value=\"{{$index}}\" {{#if ../selected_date.month '==' $index}}selected=\"selected\"{{/if}}>\n                {{lang (concat 'common.short_months.' $index)}}\n            </option>\n        {{/for}}\n    </select>\n    <select class=\"form-select form-select--date\" name=\"attribute[{{this.id}}][day]\" {{#if required}}required{{/if}}>\n        <option value=\"\">{{lang 'common.day'}}</option>\n        {{#for 1 31}}\n            <option value=\"{{$index}}\" {{#if ../selected_date.day '==' $index}}selected=\"selected\"{{/if}}>\n                {{$index}}\n            </option>\n        {{/for}}\n    </select>\n    <select class=\"form-select form-select--date\" name=\"attribute[{{this.id}}][year]\" {{#if required}}required{{/if}}>\n        <option value=\"\">{{lang 'common.year'}}</option>\n        {{#for earliest_year latest_year}}\n            <option value=\"{{$index}}\" {{#if ../selected_date.year '==' $index}}selected=\"selected\"{{/if}}>\n                {{$index}}\n            </option>\n        {{/for}}\n        {{#if earliest_year '==' latest_year}}\n        <option value=\"{{earliest_year}}\" selected=\"selected\">{{earliest_year}}</option>\n        {{/if}}\n    </select>\n</div>\n","components/products/options/input-checkbox":"<div class=\"form-field\" data-product-attribute=\"input-checkbox\">\n    <label class=\"form-label form-label--alternate form-label--inlineSmall\">\n        {{display_name}}:\n\n        {{#if required}}\n            <small>{{lang 'common.required'}}</small>\n        {{/if}}\n    </label>\n    <input type=\"hidden\" name=\"attribute[{{id}}]\" value=\"{{noValue}}\" />\n    <input\n        class=\"form-checkbox\"\n        type=\"checkbox\"\n        name=\"attribute[{{id}}]\"\n        id=\"attribute-check-{{id}}\"\n        value=\"{{value}}\"\n        {{#if checked}}\n            checked\n            data-default\n        {{/if}}\n        {{#if required}}required{{/if}}>\n\n    <label class=\"form-label {{class}}\" for=\"attribute-check-{{id}}\">{{label}}</label>\n</div>\n","components/products/options/input-file":"<div class=\"form-field\" data-product-attribute=\"input-file\">\n    <label class=\"form-label form-label--alternate form-label--inlineSmall\" for=\"attribute_file_{{id}}\">\n        {{ this.display_name }}:\n\n        {{#if required}}\n            <small>{{lang 'common.required'}}</small>\n        {{/if}}\n    </label>\n\n    <input class=\"form-file\" type=\"file\" id=\"attribute_file_{{id}}\" name=\"attribute[{{this.id}}]\" {{#if required}}required{{/if}}>\n    {{#if original_name}}\n        {{{lang 'products.file_option_set' url=file_url name=original_name}}}\n        <label>{{lang 'cart.remove_file'}}<input type=\"checkbox\" name=\"{{file_remove}}\"></label>\n    {{/if}}\n    <p class=\"form-fileDescription\">{{#if file_size}}{{lang 'products.max_filesize'}} <strong>{{file_size}}</strong>, {{/if}}{{#if file_types}}{{lang 'products.filetypes'}} <strong>{{file_types}}</strong>{{/if}}</p>\n\n</div>\n","components/products/options/input-numbers":"<div class=\"form-field\" data-product-attribute=\"input-number\">\n    <label class=\"form-label form-label--alternate form-label--inlineSmall\" for=\"attribute_number_{{id}}\">\n        {{ this.display_name }}:\n\n        {{#if required}}\n            <small>{{lang 'common.required'}}</small>\n        {{/if}}\n    </label>\n\n    <input class=\"form-input\" type=\"number\" id=\"attribute_number_{{id}}\" {{#unless this.integer_only}}step=\"any\"{{/unless}} name=\"attribute[{{this.id}}]\" value=\"{{this.prefill}}\" {{#if required}}required{{/if}}>\n</div>\n","components/products/options/input-text":"<div class=\"form-field prod_opt {{hyphenate this.display_name }}\" data-product-attribute=\"input-text\">\r\n    <label class=\"form-label form-label--alternate form-label--inlineSmall\" for=\"attribute_text_{{id}}\">\r\n        {{ this.display_name }}:\r\n\r\n        {{#if required}}\r\n            <small>{{lang 'common.required'}}</small>\r\n        {{/if}}\r\n    </label>\r\n\r\n    <input class=\"form-input form-input--small\" type=\"text\" id=\"attribute_text_{{id}}\" name=\"attribute[{{this.id}}]\" value=\"{{this.prefill}}\" {{#if required}}required{{/if}}>\r\n</div>\r\n","components/products/options/product-list":"<div class=\"form-field\" data-product-attribute=\"product-list\">\n    <label class=\"form-label form-label--alternate form-label--inlineSmall\">\n        {{display_name}}:\n        <span data-option-value></span>\n\n        {{#if required}}\n            <small>{{lang 'common.required'}}</small>\n        {{/if}}\n    </label>\n\n    {{#if values.0.image}}\n        <ul class=\"productOptions-list\">\n            {{#unless required}}\n                <li class=\"productOptions-list-item\">\n                    <input class=\"form-radio\"\n                           type=\"radio\"\n                           name=\"attribute[{{id}}]\"\n                           value=\"0\"\n                           id=\"attribute_productlist_0_{{id}}\"\n                           checked=\"{{#if defaultValue '==' 0}}checked{{/if}}\" required>\n                    <label class=\"form-label\" for=\"attribute_productlist_0_{{id}}\">{{lang 'products.none'}}</label>\n                </li>\n            {{/unless}}\n            {{#each values}}\n                <li class=\"productOptions-list-item\" data-product-attribute-value=\"{{id}}\">\n                    {{#if image}}\n                        <figure class=\"productOptions-list-item-figure\">\n                            <img class=\"productOptions-list-item-image lazyload\" data-sizes=\"auto\" src=\"{{cdn 'img/loading.svg'}}\" data-src=\"{{getImage image 'productthumb_size'}}\" alt=\"{{image.alt}}\" title=\"{{image.alt}}\">\n                        </figure>\n                    {{/if}}\n                    <div class=\"productOptions-list-item-content\">\n                        <input\n                            class=\"form-radio\"\n                            type=\"radio\"\n                            name=\"attribute[{{../id}}]\"\n                            value=\"{{id}}\"\n                            id=\"attribute_productlist_{{../id}}_{{id}}\"\n                            {{#if selected}}\n                                checked\n                                data-default\n                            {{/if}}\n                            {{#if ../required}}required{{/if}}>\n                        <label data-product-attribute-value=\"{{id}}\" class=\"form-label\" for=\"attribute_productlist_{{../id}}_{{id}}\">{{label}}</label>\n                    </div>\n                </li>\n            {{/each}}\n        </ul>\n    {{else}}\n        {{#unless required}}\n        <input class=\"form-radio\"\n               type=\"radio\"\n               name=\"attribute[{{id}}]\"\n               value=\"0\"\n               id=\"attribute_productlist_0_{{id}}\"\n               {{#if defaultValue '==' 0}}checked{{/if}}>\n        <label class=\"form-label\" for=\"attribute_productlist_0_{{id}}\">{{lang 'products.none'}}</label>\n        {{/unless}}\n        {{#each values}}\n            <input\n                class=\"form-radio\"\n                type=\"radio\"\n                name=\"attribute[{{../id}}]\"\n                value=\"{{id}}\"\n                id=\"attribute_productlist_{{../id}}_{{id}}\"\n                {{#if selected}}checked{{/if}}\n                {{#if ../required}}required{{/if}}>\n            <label data-product-attribute-value=\"{{id}}\" class=\"form-label\" for=\"attribute_productlist_{{../id}}_{{id}}\">{{label}}</label>\n        {{/each}}\n    {{/if}}\n</div>\n","components/products/options/set-radio":"<div class=\"form-field\" data-product-attribute=\"set-radio\">\n    <label class=\"form-label form-label--alternate form-label--inlineSmall\">\n        {{ this.display_name }}:\n\n        {{#if required}}\n            <small>{{lang 'common.required'}}</small>\n        {{/if}}\n    </label>\n\n    {{#each this.values}}\n        <input\n            class=\"form-radio\"\n            type=\"radio\"\n            id=\"attribute_radio_{{../id}}_{{id}}\"\n            name=\"attribute[{{../id}}]\"\n            value=\"{{id}}\"\n            {{#if selected}}\n                checked\n                data-default\n            {{/if}}\n            {{#if ../required}}required{{/if}}>\n        <label data-product-attribute-value=\"{{id}}\" class=\"form-label\" for=\"attribute_radio_{{../id}}_{{id}}\">{{this.label}}</label>\n    {{/each}}\n</div>\n","components/products/options/set-rectangle":"<div class=\"form-field\" data-product-attribute=\"set-rectangle\">\n    <label class=\"form-label form-label--alternate form-label--inlineSmall\">\n        {{this.display_name}}:\n        <span data-option-value></span>\n        {{#if required}}\n            <small>{{lang 'common.required'}}</small>\n        {{/if}}\n    </label>\n    {{#each this.values}}\n        <input\n            class=\"form-radio\"\n            type=\"radio\"\n            id=\"attribute_rectangle__{{../id}}_{{id}}\"\n            name=\"attribute[{{../id}}]\"\n            value=\"{{id}}\"\n            {{#if selected}}\n                checked\n                data-default\n            {{/if}}\n            {{#if ../required}}required{{/if}}>\n        <label class=\"form-option\" for=\"attribute_rectangle__{{../id}}_{{id}}\" data-product-attribute-value=\"{{id}}\">\n            <span class=\"form-option-variant\">{{this.label}}</span>\n        </label>\n    {{/each}}\n</div>\n","components/products/options/set-select":"<div class=\"form-field {{ hyphenate this.display_name }}\" data-product-attribute=\"set-select\">\r\n    <label class=\"form-label form-label--alternate form-label--inlineSmall\" for=\"attribute_select_{{id}}\">\r\n        {{ this.display_name }}:\r\n\r\n        {{#if required}}\r\n            <small>{{lang 'common.required'}}</small>\r\n        {{/if}}\r\n    </label>\r\n\r\n    <select class=\"form-select form-select--small product_options_select\" name=\"attribute[{{this.id}}]\" id=\"attribute_select_{{id}}\" {{#if required}}required{{/if}}>\r\n        <option value=\"\">{{lang 'products.choose_options'}}</option>\r\n        {{#each this.values}}\r\n            <option data-product-attribute-value=\"{{id}}\" value=\"{{id}}\" {{#if selected}}selected data-default{{/if}}>{{label}}</option>\r\n        {{/each}}\r\n    </select>\r\n</div>\r\n","components/products/options/swatch":"<div class=\"form-field\" data-product-attribute=\"swatch\">\n    <label class=\"form-label form-label--alternate form-label--inlineSmall\">\n        {{this.display_name}}:\n        <span data-option-value></span>\n\n        {{#if required}}\n            <small>{{lang 'common.required'}}</small>\n        {{/if}}\n    </label>\n\n    {{#each this.values}}\n        <input class=\"form-radio\" type=\"radio\" name=\"attribute[{{../id}}]\" value=\"{{id}}\" id=\"attribute_swatch_{{../id}}_{{id}}\" {{#if selected}}checked data-default{{/if}} {{#if ../required}}required{{/if}}>\n        <label class=\"form-option form-option-swatch\" for=\"attribute_swatch_{{../id}}_{{id}}\" data-product-attribute-value=\"{{id}}\">\n            {{#if image}}\n                <span class='form-option-variant form-option-variant--pattern' title=\"{{this.label}}\" style=\"background-image: url('{{getImage image \"swatch_option_size\"}}');\"></span>\n            {{/if}}\n            {{#if data.[2]}}\n                <span class='form-option-variant form-option-variant--color' title=\"{{this.label}}\" style=\"background-color: #{{data.[0]}}\"></span>\n                <span class='form-option-variant form-option-variant--color' title=\"{{this.label}}\" style=\"background-color: #{{data.[1]}}\"></span>\n                <span class='form-option-variant form-option-variant--color' title=\"{{this.label}}\" style=\"background-color: #{{data.[2]}}\"></span>\n            {{else}}\n                {{#if data.[1]}}\n                    <span class='form-option-variant form-option-variant--color' title=\"{{this.label}}\" style=\"background-color: #{{data.[0]}}\"></span>\n                    <span class='form-option-variant form-option-variant--color' title=\"{{this.label}}\" style=\"background-color: #{{data.[1]}}\"></span>\n                {{else}}\n                    {{#if data.[0]}}\n                        <span class='form-option-variant form-option-variant--color' title=\"{{this.label}}\" style=\"background-color: #{{data.[0]}}\"></span>\n                    {{/if}}\n                {{/if}}\n            {{/if}}\n            {{#if pattern}}\n                <span class=\"form-option-expanded\">\n                    <span class=\"form-option-image\" style=\"background-image: url('{{getImage image 'core-swatch'}}');\"></span>\n                </span>\n            {{/if}}\n        </label>\n    {{/each}}\n</div>\n","components/products/options/textarea":"<div class=\"form-field\" data-product-attribute=\"textarea\">\n    <label class=\"form-label form-label--alternate form-label--inlineSmall\" for=\"attribute_textarea_{{id}}\">\n        {{display_name}}:\n\n        {{#if required}}\n            <small>{{lang 'common.required'}}</small>\n        {{/if}}\n    </label>\n\n    <textarea class=\"form-input\" id=\"attribute_textarea_{{id}}\" name=\"attribute[{{id}}]\" {{#if required}}required{{/if}}>{{prefill}}</textarea>\n</div>\n","components/products/price-range":"{{#and price.retail_price_range.min.with_tax price.retail_price_range.max.with_tax}}\n    <div class=\"price-section price-section--withTax rrp-price--withTax\">\n        {{theme_settings.pdp-retail-price-label}}\n        <span data-product-rrp-price-with-tax class=\"price price--rrp\">{{price.retail_price_range.min.with_tax.formatted}} - {{price.retail_price_range.max.with_tax.formatted}}</span>\n    </div>\n{{else}}\n    {{#if price.with_tax}}\n        <div class=\"price-section price-section--withTax rrp-price--withTax\" style=\"display: none;\">\n            {{theme_settings.pdp-retail-price-label}}\n            <span data-product-rrp-with-tax class=\"price price--rrp\">\n                {{price.rrp_with_tax.formatted}}\n            </span>\n        </div>\n    {{/if}}\n{{/and}}\n{{#and price.price_range.min.with_tax price.price_range.max.with_tax}}\n    {{!-- Never display the \"non-sales price\" if there is a price range to be shown, but we do want the element on the page --}}\n    <div class=\"price-section price-section--withTax non-sale-price--withTax\" style=\"display: none;\">\n        {{theme_settings.pdp-non-sale-price-label}}\n        <span data-product-non-sale-price-with-tax class=\"price price--non-sale\">\n            {{price.non_sale_price_with_tax.formatted}}\n        </span>\n    </div>\n    <div class=\"price-section price-section--withTax\" {{#if schema_org}}itemprop=\"offers\" itemscope itemtype=\"http://schema.org/Offer\"{{/if}}>\n        <span class=\"price-label\">{{theme_settings.pdp-price-label}}</span>\n        <span class=\"price-now-label\" style=\"display: none;\">{{theme_settings.pdp-sale-price-label}}</span>\n        <span data-product-price-with-tax class=\"price price--withTax\">{{price.price_range.min.with_tax.formatted}} - {{price.price_range.max.with_tax.formatted}}</span>\n        {{#and price.price_range.min.without_tax price.price_range.max.without_tax}}\n            <abbr title=\"{{lang 'products.including_tax'}}\">{{lang 'products.price_with_tax' tax_label=price.price_range.min.tax_label}}</abbr>\n        {{/and}}\n        {{#if schema_org}}\n            <meta itemprop=\"availability\" content=\"{{product.availability}}\">\n            <meta itemprop=\"itemCondition\" itemtype=\"http://schema.org/OfferItemCondition\" content=\"http://schema.org/{{product.condition}}Condition\">\n            <div itemprop=\"priceSpecification\" itemscope itemtype=\"http://schema.org/PriceSpecification\">\n                <meta itemprop=\"minPrice\" content=\"{{price_range.min.with_tax.value}}\"  />\n                <meta itemprop=\"price\" content=\"{{price_range.min.with_tax.value}}\">\n                <meta itemprop=\"maxPrice\" content=\"{{price_range.max.with_tax.value}}\"  />\n                <meta itemprop=\"priceCurrency\" content=\"{{currency_selector.active_currency_code}}\">\n                <meta itemprop=\"valueAddedTaxIncluded\" content=\"true\">\n            </div>\n        {{/if}}\n    </div>\n{{/and}}\n{{#and price.retail_price_range.min.without_tax price.retail_price_range.max.without_tax}}\n    <div class=\"price-section price-section--withoutTax rrp-price--withoutTax{{#if price.with_tax}} price-section--minor{{/if}}\">\n        {{theme_settings.pdp-retail-price-label}}\n        <span data-product-rrp-price-without-tax class=\"price price--rrp\">{{price.retail_price_range.min.without_tax.formatted}} - {{price.retail_price_range.max.without_tax.formatted}}</span>\n    </div>\n{{else}}\n    {{#if price.without_tax}}\n        <div class=\"price-section price-section--withoutTax rrp-price--withoutTax{{#if price.with_tax}} price-section--minor{{/if}}\" style=\"display: none;\">\n            {{theme_settings.pdp-retail-price-label}}\n            <span data-product-rrp-price-without-tax class=\"price price--rrp\">\n                {{price.rrp_without_tax.formatted}}\n            </span>\n        </div>\n    {{/if}}\n{{/and}}\n{{#and price.price_range.min.without_tax price.price_range.max.without_tax}}\n    {{!-- Never display the \"non-sales price\" if there is a price range to be shown, but we do want the element on the page --}}\n    <div class=\"price-section price-section--withoutTax non-sale-price--withoutTax{{#if price.with_tax}} price-section--minor{{/if}}\" style=\"display: none;\">\n        {{theme_settings.pdp-non-sale-price-label}}\n        <span data-product-non-sale-price-without-tax class=\"price price--non-sale\">\n            {{price.non_sale_price_without_tax.formatted}}\n        </span>\n    </div>\n    <div class=\"price-section price-section--withoutTax{{#and price_range.min.with_tax price_range.max.with_tax}} price-section--minor{{/and}}\" {{#if schema_org}}itemprop=\"offers\" itemscope itemtype=\"http://schema.org/Offer\"{{/if}}>\n        <span class=\"price-label\">{{theme_settings.pdp-price-label}}</span>\n        <span class=\"price-now-label\" style=\"display: none;\">{{theme_settings.pdp-sale-price-label}}</span>\n        <span data-product-price-without-tax class=\"price price--withoutTax\">{{price.price_range.min.without_tax.formatted}} - {{price.price_range.max.without_tax.formatted}}</span>\n        {{#and price.price_range.min.with_tax price.price_range.max.with_tax}}\n            <abbr title=\"{{lang 'products.excluding_tax'}}\">{{lang 'products.price_without_tax' tax_label=price.price_range.min.tax_label}}</abbr>\n        {{/and}}\n        {{#if schema_org}}\n            <meta itemprop=\"availability\" content=\"{{product.availability}}\">\n            <meta itemprop=\"itemCondition\" itemtype=\"http://schema.org/OfferItemCondition\" content=\"http://schema.org/{{product.condition}}Condition\">\n            <div itemprop=\"priceSpecification\" itemscope itemtype=\"http://schema.org/PriceSpecification\">\n                <meta itemprop=\"minPrice\" content=\"{{price.price_range.min.without_tax.value}}\"  />\n                <meta itemprop=\"price\" content=\"{{price.price_range.min.without_tax.value}}\">\n                <meta itemprop=\"maxPrice\" content=\"{{price.price_range.max.without_tax.value}}\"  />\n                <meta itemprop=\"priceCurrency\" content=\"{{currency_selector.active_currency_code}}\">\n                <meta itemprop=\"valueAddedTaxIncluded\" content=\"false\">\n            </div>\n        {{/if}}\n    </div>\n{{/and}}\n\n{{!-- Never display the \"saving price\" element by default if there is a price range on the page to be shown --}}\n{{#if page_type '===' 'product'}}\n     <div class=\"price-section price-section--saving price\" style=\"display: none;\">\n            <span class=\"price\">{{lang 'products.you_save_opening_text'}}</span>\n            <span data-product-price-saved class=\"price price--saving\">\n                {{price.saved.formatted}}\n            </span>\n            <span class=\"price\">{{lang 'products.you_save_closing_bracket'}}</span>\n     </div>\n{{/if}}\n","components/common/forms/text":"<div class=\"form-field\" id=\"{{id}}\" data-validation=\"{{validation}}\" {{#if private_id}}data-type=\"{{private_id}}\"{{/if}}>\n    <label class=\"form-label\" for=\"{{id}}_input\">{{label}}\n        {{#if required}}<small>{{lang 'common.required' }}</small>{{/if}}\n    </label>\n    <input type=\"text\" id=\"{{id}}_input\" data-label=\"{{label}}\" name=\"{{name}}\" {{#if value}} value=\"{{value}}\"{{/if}} {{#if placeholder}} placeholder=\"{{placeholder}}\"{{/if}} class=\"form-input\" aria-required=\"{{required}}\" {{#if private_id}}data-field-type=\"{{private_id}}\"{{/if}}>\n</div>\n","components/common/forms/multiline":"<div class=\"form-field\" id=\"{{id}}\" data-validation=\"{{validation}}\">\n    <label class=\"form-label\" for=\"{{id}}_input\">{{label}}\n        {{#if required}}\n            <small>{{lang 'common.required' }}</small>\n        {{/if}}\n    </label>\n    <textarea name=\"{{name}}\" id=\"{{id}}_input\" data-label=\"{{label}}\" rows=\"{{rows}}\" aria-required=\"{{required}}\" class=\"form-input\" {{#if private_id}}data-field-type=\"{{private_id}}\"{{/if}}>{{value}}</textarea>\n</div>\n","components/products/reviews":"{{#if reviews.total}}\n<section class=\"toggle productReviews\" id=\"product-reviews\" data-product-reviews>\n    <h4 class=\"toggle-title\">\n        {{lang 'products.reviews.header' total=reviews.total}}\n        {{#if theme_settings.show_product_reviews_tabs '!==' true}}\n            <a class=\"toggleLink is-open\" data-collapsible href=\"#productReviews-content\">\n                <span class=\"toggleLink-text toggleLink-text--on\">\n                    {{lang 'products.reviews.hide'}}\n                </span>\n                <span class=\"toggleLink-text toggleLink-text--off\">\n                    {{lang 'products.reviews.show'}}\n                </span>\n            </a>\n        {{/if}}\n    </h4>\n    <div class=\"toggle-content is-open\" id=\"productReviews-content\" aria-hidden=\"false\">\n        <ul class=\"productReviews-list\" id=\"productReviews-list\">\n            {{#each reviews.list}}\n            <li class=\"productReview\">\n                <article itemprop=\"review\" itemscope itemtype=\"http://schema.org/Review\">\n                    <header>\n                        <span class=\"productReview-rating rating--small\" itemprop=\"reviewRating\" itemscope itemtype=\"http://schema.org/Rating\">\n                            {{> components/products/ratings rating=rating}}\n                            <span class=\"productReview-ratingNumber\" itemprop=\"ratingValue\">{{ rating }}</span>\n                        </span>\n                        <h5 itemprop=\"name\" class=\"productReview-title\">{{ title }}</h5>\n                        {{#if name}}\n                            <meta itemprop=\"author\" content=\"{{name}}\">\n                            <p class=\"productReview-author\">\n                                {{lang 'products.reviews.post_on_by' date=date name=name }}\n                            </p>\n                        {{else}}\n                            <p class=\"productReview-author\">\n                                {{lang 'products.reviews.post_on_by' date=date name=(lang 'products.reviews.anonymous_poster')}}\n                            </p>\n                        {{/if}}\n                    </header>\n                    <p itemprop=\"reviewBody\" class=\"productReview-body\">{{nl2br text}}</p>\n                </article>\n            </li>\n            {{/each}}\n        </ul>\n        {{> components/common/paginator pagination.reviews}}\n    </div>\n</section>\n{{/if}}\n{{{snippet 'reviews'}}}\n","components/common/paginator":"<div class=\"pagination\">\n    <ul class=\"pagination-list\">\n        {{#if previous}}\n            <li class=\"pagination-item pagination-item--previous\">\n                <a class=\"pagination-link\" href=\"{{previous}}\" {{#unless reload}}data-faceted-search-facet{{/unless}}>\n                    <i class=\"icon\" aria-hidden=\"true\">\n                        <svg>\n                            <use xmlns:xlink=\"http://www.w3.org/1999/xlink\" xlink:href=\"#icon-chevron-left\"></use>\n                        </svg>\n                    </i>\n                    {{lang 'common.previous'}}\n                </a>\n            </li>\n        {{/if}}\n        {{#each links}}\n            {{#if this.number '==' ../current}}\n                <li class=\"pagination-item pagination-item--current\">\n                    <a class=\"pagination-link\" href=\"{{this.url}}\" {{#unless reload}}data-faceted-search-facet{{/unless}}>{{this.number}}</a>\n                </li>\n            {{else}}\n                <li class=\"pagination-item\">\n                    <a class=\"pagination-link\" href=\"{{this.url}}\" {{#unless reload}}data-faceted-search-facet{{/unless}}>{{this.number}}</a>\n                </li>\n            {{/if}}\n        {{/each}}\n\n        {{#if next}}\n            <li class=\"pagination-item pagination-item--next\">\n                <a class=\"pagination-link\" href=\"{{next}}\" {{#unless reload}}data-faceted-search-facet{{/unless}}>\n                    {{lang 'common.next'}}\n                    <i class=\"icon\" aria-hidden=\"true\">\n                        <svg>\n                            <use xmlns:xlink=\"http://www.w3.org/1999/xlink\" xlink:href=\"#icon-chevron-right\"></use>\n                        </svg>\n                    </i>\n                </a>\n            </li>\n        {{/if}}\n    </ul>\n</div>\n"}