{
  "components/cart/modals/configure-product": "<div class=\"modal-header\">\n    <h2 class=\"modal-header-title\">{{lang 'cart.reconfigure_product' name=product_name}}</h2>\n</div>\n<div class=\"modal-body\" data-product-option-change>\n    <div class=\"alertMessageBox\" hidden>\n        {{> components/common/alert-info}}\n    </div>\n\n    <form id=\"CartEditProductFieldsForm\" method=\"post\" action=\"cart.php\" enctype=\"multipart/form-data\">\n        <input type=\"hidden\" name=\"action\" value=\"EditProductFieldsInCart\">\n        <input type=\"hidden\" name=\"item_id\" value=\"{{quote_item_id}}\">\n        {{#each customizations}}\n            {{{dynamicComponent 'components/products/customizations'}}}\n        {{/each}}\n\n        {{#each options}}\n            {{{dynamicComponent 'components/products/options'}}}\n        {{/each}}\n\n        <div class=\"form-actions\">\n            <input class=\"button button--primary\" type=\"submit\" value=\"{{lang 'common.save'}}\">\n        </div>\n    </form>\n</div>\n",
  "components/common/alert-info": "<div class=\"alertBox alertBox--info\">\n    <div class=\"alertBox-column alertBox-icon\">\n        <icon glyph=\"ic-success\" class=\"icon\" aria-hidden=\"true\"><svg xmlns=\"http://www.w3.org/2000/svg\" width=\"24\" height=\"24\" viewBox=\"0 0 24 24\"><path d=\"M12 2C6.48 2 2 6.48 2 12s4.48 10 10 10 10-4.48 10-10S17.52 2 12 2zm1 15h-2v-2h2v2zm0-4h-2V7h2v6z\"></path></svg></icon>\n    </div>\n    <p class=\"alertBox-column alertBox-message\">\n        <span>{{{this}}}</span>\n    </p>\n</div>\n",
  "components/products/options/input-checkbox": "<div class=\"form-field optionRow {{#replace ' ' (toLowerCase this.display_name)}}{{else}}{{toLowerCase this.display_name}}{{/replace}}\" data-product-attribute=\"input-checkbox\">\n    <label class=\"form-label form-label--alternate form-label--inlineSmall\">\n        {{display_name}}:\n\n        {{#if required}}\n            <small>{{lang 'common.required'}}</small>\n        {{/if}}\n    </label>\n\n    <input\n        class=\"form-checkbox\"\n        type=\"checkbox\"\n        name=\"attribute[{{id}}]\"\n        id=\"attribute-{{id}}\"\n        value=\"{{value}}\"\n        {{#if checked}}checked{{/if}}\n        {{#if required}}required{{/if}}>\n\n    <label class=\"form-label {{class}}\" for=\"attribute-{{id}}\">{{label}}</label>\n</div>\n",
  "components/products/options/date": "<div class=\"form-field optionRow {{#replace ' ' (toLowerCase this.display_name)}}{{else}}{{toLowerCase this.display_name}}{{/replace}}\" data-product-attribute=\"date\">\n\t<label class=\"form-label form-label--alternate form-label--inlineSmall\" {{#if style}}style=\"{{style}}\" {{/if}}>\n\t\t{{this.display_name}}:\n\n\t\t{{#if required}}\n\t\t\t<small>{{lang 'common.required'}}</small>\n\t\t{{/if}}\n\t</label>\n\t<select class=\"form-select form-select--date\" name=\"attribute[{{this.id}}][month]\" {{#if required}}required{{/if}}>\n\t\t<option value=\"\">{{lang 'common.month'}}</option>\n\t\t{{#for 1 12}}\n\t\t\t<option value=\"{{$index}}\" {{#if ../selected_date.month '==' $index}}selected=\"selected\"{{/if}}>\n\t\t\t\t{{lang (concat 'common.short_months.' $index)}}\n\t\t\t</option>\n\t\t{{/for}}\n\t</select>\n\t<select class=\"form-select form-select--date\" name=\"attribute[{{this.id}}][day]\" {{#if required}}required{{/if}}>\n\t\t<option value=\"\">{{lang 'common.day'}}</option>\n\t\t{{#for 1 31}}\n\t\t\t<option value=\"{{$index}}\" {{#if ../selected_date.day '==' $index}}selected=\"selected\"{{/if}}>\n\t\t\t\t{{$index}}\n\t\t\t</option>\n\t\t{{/for}}\n\t</select>\n\t<select class=\"form-select form-select--date\" name=\"attribute[{{this.id}}][year]\" {{#if required}}required{{/if}}>\n\t\t<option value=\"\">{{lang 'common.year'}}</option>\n\t\t{{#for earliest_year latest_year}}\n\t\t\t<option value=\"{{$index}}\" {{#if ../selected_date.year '==' $index}}selected=\"selected\"{{/if}}>\n\t\t\t\t{{$index}}\n\t\t\t</option>\n\t\t{{/for}}\n\t</select>\n</div>\n",
  "components/products/options/input-file": "<div class=\"form-field optionRow {{#replace ' ' (toLowerCase this.display_name)}}{{else}}{{toLowerCase this.display_name}}{{/replace}}\" data-product-attribute=\"input-file\">\n\t<label class=\"form-label form-label--alternate form-label--inlineSmall\" for=\"attribute_{{id}}\">\n\t\t{{ this.display_name }}:\n\t\t{{#if required}}\n\t\t\t<small>{{lang 'common.required'}}</small>\n\t\t{{/if}}\n\t</label>\n\t<input class=\"form-file\" type=\"file\" id=\"attribute_{{id}}\" name=\"attribute[{{this.id}}]\" {{#if required}}required{{/if}}>\n\t{{#if original_name}}\n\t\t{{{lang 'products.file_option_set' url=file_url name=original_name}}}\n\t\t<label>{{lang 'cart.remove_file'}}<input type=\"checkbox\" name=\"{{file_remove}}\"></label>\n\t{{/if}}\n\t<p class=\"form-fileDescription\">{{#if file_size}}{{lang 'products.max_filesize'}} <strong>{{file_size}}</strong>, {{/if}}{{#if file_types}}{{lang 'products.filetypes'}} <strong>{{file_types}}</strong>{{/if}}</p>\n</div>\n",
  "components/products/options/input-numbers": "<div class=\"form-field optionRow {{#replace ' ' (toLowerCase this.display_name)}}{{else}}{{toLowerCase this.display_name}}{{/replace}}\" data-product-attribute=\"input-number\">\n\t<label class=\"form-label form-label--alternate form-label--inlineSmall\" for=\"attribute_{{id}}\">\n\t\t{{ this.display_name }}:\n\n\t\t{{#if required}}\n\t\t\t<small>{{lang 'common.required'}}</small>\n\t\t{{/if}}\n\t</label>\n\n\t<input class=\"form-input\" type=\"number\" id=\"attribute_{{id}}\" {{#unless this.integer_only}}step=\"any\"{{/unless}} name=\"attribute[{{this.id}}]\" value=\"{{this.prefill}}\" {{#if required}}required{{/if}}>\n</div>\n",
  "components/products/options/set-radio": "<div class=\"form-field optionRow {{#replace ' ' (toLowerCase this.display_name)}}{{else}}{{toLowerCase this.display_name}}{{/replace}}\" data-product-attribute=\"set-radio\">\n\t<label class=\"form-label form-label--alternate form-label--inlineSmall\">\n\t\t{{ this.display_name }}:\n\t\t{{#if required}}\n\t\t\t<small>{{lang 'common.required'}}</small>\n\t\t{{/if}}\n\t</label>\n\t{{#each this.values}}\n\t\t<input\n\t\t\tclass=\"form-radio\"\n\t\t\ttype=\"radio\"\n\t\t\tid=\"attribute_{{id}}\"\n\t\t\tname=\"attribute[{{../id}}]\"\n\t\t\tvalue=\"{{id}}\"\n\t\t\t{{#if selected}}checked{{/if}}\n\t\t\t{{#if ../required}}required{{/if}}>\n\t\t<label data-product-attribute-value=\"{{id}}\" class=\"form-label\" for=\"attribute_{{id}}\">{{this.label}}</label>\n\t{{/each}}\n</div>\n",
  "components/products/options/product-list": "<div class=\"form-field optionRow {{#replace ' ' (toLowerCase display_name)}}{{else}}{{toLowerCase display_name}}{{/replace}}\" data-product-attribute=\"product-list\">\n\t<label class=\"form-label form-label--alternate form-label--inlineSmall\">\n\t\t{{display_name}}:\n\t\t<span data-option-value></span>\n\n\t\t{{#if required}}\n\t\t\t<small>{{lang 'common.required'}}</small>\n\t\t{{/if}}\n\t</label>\n\n\t{{#if values.0.image}}\n\t\t<ul class=\"productOptions-list\">\n\t\t\t{{#unless required}}\n\t\t\t\t<li class=\"productOptions-list-item\">\n\t\t\t\t\t<input class=\"form-radio\"\n\t\t\t\t\t\t   type=\"radio\"\n\t\t\t\t\t\t   name=\"attribute[{{id}}]\"\n\t\t\t\t\t\t   value=\"0\"\n\t\t\t\t\t\t   id=\"attribute_0_{{id}}\"\n\t\t\t\t\t\t   {{#if defaultValue '==' 0}}checked{{/if}} required>\n\t\t\t\t\t<label class=\"form-label\" for=\"attribute_0_{{id}}\">{{lang 'products.none'}}</label>\n\t\t\t\t</li>\n\t\t\t{{/unless}}\n\t\t\t{{#each values}}\n\t\t\t\t<li class=\"productOptions-list-item\" data-product-attribute-value=\"{{id}}\">\n\t\t\t\t\t{{#if image}}\n\t\t\t\t\t\t<figure class=\"productOptions-list-item-figure\">\n\t\t\t\t\t\t\t<img class=\"productOptions-list-item-image\" src=\"{{getImage image 'productthumb_size'}}\" alt=\"{{image.alt}}\" title=\"{{image.alt}}\">\n\t\t\t\t\t\t</figure>\n\t\t\t\t\t{{/if}}\n\t\t\t\t\t<div class=\"productOptions-list-item-content\">\n\t\t\t\t\t\t<input\n\t\t\t\t\t\t\tclass=\"form-radio\"\n\t\t\t\t\t\t\ttype=\"radio\"\n\t\t\t\t\t\t\tname=\"attribute[{{../id}}]\"\n\t\t\t\t\t\t\tvalue=\"{{id}}\"\n\t\t\t\t\t\t\tid=\"attribute_{{id}}\"\n\t\t\t\t\t\t\t{{#if selected}}checked{{/if}}\n\t\t\t\t\t\t\t{{#if ../required}}required{{/if}}>\n\t\t\t\t\t\t<label data-product-attribute-value=\"{{id}}\" class=\"form-label\" for=\"attribute_{{id}}\">{{label}}</label>\n\t\t\t\t\t</div>\n\t\t\t\t</li>\n\t\t\t{{/each}}\n\t\t</ul>\n\t{{else}}\n\t\t{{#unless required}}\n\t\t<input class=\"form-radio\"\n\t\t\t   type=\"radio\"\n\t\t\t   name=\"attribute[{{id}}]\"\n\t\t\t   value=\"0\"\n\t\t\t   id=\"attribute_0_{{id}}\"\n\t\t\t   {{#if defaultValue '==' 0}}checked{{/if}}\n\t\t<label class=\"form-label\" for=\"attribute_0_{{id}}\">{{lang 'products.none'}}</label>\n\t\t{{/unless}}\n\t\t{{#each values}}\n\t\t\t<input\n\t\t\t\tclass=\"form-radio\"\n\t\t\t\ttype=\"radio\"\n\t\t\t\tname=\"attribute[{{../id}}]\"\n\t\t\t\tvalue=\"{{id}}\"\n\t\t\t\tid=\"attribute_{{id}}\"\n\t\t\t\t{{#if selected}}checked{{/if}}\n\t\t\t\t{{#if ../required}}required{{/if}}>\n\t\t\t<label data-product-attribute-value=\"{{id}}\" class=\"form-label\" for=\"attribute_{{id}}\">{{label}}</label>\n\t\t{{/each}}\n\t{{/if}}\n</div>\n",
  "components/products/options/input-text": "<div class=\"form-field optionRow {{#replace ' ' (toLowerCase this.display_name)}}{{else}}{{toLowerCase this.display_name}}{{/replace}}\" data-product-attribute=\"input-text\">\n\t<label class=\"form-label form-label--alternate form-label--inlineSmall\" for=\"attribute_{{id}}\">\n\t\t{{ this.display_name }}:\n\n\t\t{{#if required}}\n\t\t\t<small>{{lang 'common.required'}}</small>\n\t\t{{/if}}\n\t</label>\n\n\t<input class=\"form-input form-input--small\" type=\"text\" id=\"attribute_{{id}}\" name=\"attribute[{{this.id}}]\" value=\"{{this.prefill}}\" {{#if required}}required{{/if}}>\n</div>\n",
  "components/products/options/set-rectangle": "<div class=\"form-field optionRow {{#replace ' ' (toLowerCase this.display_name)}}{{else}}{{toLowerCase this.display_name}}{{/replace}}\" data-product-attribute=\"set-rectangle\">\n\t<label class=\"form-label form-label--alternate form-label--inlineSmall\">\n\t\t{{this.display_name}}:\n\t\t<span data-option-value></span>\n\t\t{{#if required}}\n\t\t\t<small>{{lang 'common.required'}}</small>\n\t\t{{/if}}\n\t</label>\n\t{{#each this.values}}\n\t\t<input\n\t\t\tclass=\"form-radio\"\n\t\t\ttype=\"radio\"\n\t\t\tid=\"attribute_{{id}}\"\n\t\t\tname=\"attribute[{{../id}}]\"\n\t\t\tvalue=\"{{id}}\"\n\t\t\t{{#if selected}}checked{{/if}}\n\t\t\t{{#if ../required}}required{{/if}}>\n\t\t<label class=\"form-option\" for=\"attribute_{{id}}\" data-product-attribute-value=\"{{id}}\">\n\t\t\t<span class=\"form-option-variant\">{{this.label}}</span>\n\t\t</label>\n\t{{/each}}\n</div>\n",
  "components/products/options/swatch": "<div class=\"form-field optionRow {{#replace ' ' (toLowerCase this.display_name)}}{{else}}{{toLowerCase this.display_name}}{{/replace}}\" data-product-attribute=\"swatch\">\n\t<label class=\"form-label form-label--alternate form-label--inlineSmall\">\n\t\t{{this.display_name}}:\n\t\t<span data-option-value></span>\n\n\t\t{{#if required}}\n\t\t\t<small>{{lang 'common.required'}}</small>\n\t\t{{/if}}\n\t</label>\n\n\t{{#each this.values}}\n\t\t<input class=\"form-radio\" type=\"radio\" name=\"attribute[{{../id}}]\" value=\"{{id}}\" id=\"attribute_{{id}}\" {{#if selected}}checked{{/if}} {{#if ../required}}required{{/if}}>\n\t\t<label class=\"form-option form-option-swatch\" for=\"attribute_{{id}}\" data-product-attribute-value=\"{{id}}\">\n\t\t\t{{#if image}}\n\t\t\t\t<span class='form-option-variant form-option-variant--pattern' title=\"{{this.label}}\" style=\"background-image: url('{{getImage image \"swatch_option_size\"}}');\"></span>\n\t\t\t{{/if}}\n\t\t\t{{#if data.[2]}}\n\t\t\t\t<span class='form-option-variant form-option-variant--color' title=\"{{this.label}}\" style=\"background-color: #{{data.[0]}}\"></span>\n\t\t\t\t<span class='form-option-variant form-option-variant--color' title=\"{{this.label}}\" style=\"background-color: #{{data.[1]}}\"></span>\n\t\t\t\t<span class='form-option-variant form-option-variant--color' title=\"{{this.label}}\" style=\"background-color: #{{data.[2]}}\"></span>\n\t\t\t{{else}}\n\t\t\t\t{{#if data.[1]}}\n\t\t\t\t\t<span class='form-option-variant form-option-variant--color' title=\"{{this.label}}\" style=\"background-color: #{{data.[0]}}\"></span>\n\t\t\t\t\t<span class='form-option-variant form-option-variant--color' title=\"{{this.label}}\" style=\"background-color: #{{data.[1]}}\"></span>\n\t\t\t\t{{else}}\n\t\t\t\t\t{{#if data.[0]}}\n\t\t\t\t\t\t<span class='form-option-variant form-option-variant--color' title=\"{{this.label}}\" style=\"background-color: #{{data.[0]}}\"></span>\n\t\t\t\t\t{{/if}}\n\t\t\t\t{{/if}}\n\t\t\t{{/if}}\n\t\t\t{{#if pattern}}\n\t\t\t\t<span class=\"form-option-expanded\">\n\t\t\t\t\t<span class=\"form-option-image\" style=\"background-image: url('{{getImage image 'core-swatch'}}');\"></span>\n\t\t\t\t</span>\n\t\t\t{{/if}}\n\t\t</label>\n\t{{/each}}\n</div>\n",
  "components/products/options/set-select": "<div class=\"form-field optionRow {{#replace ' ' (toLowerCase this.display_name)}}{{else}}{{toLowerCase this.display_name}}{{/replace}}\" data-product-attribute=\"set-select\">\n\t<label class=\"form-label form-label--alternate form-label--inlineSmall\" for=\"attribute_{{id}}\">\n\t\t{{ this.display_name }}:\n\t\t{{#if required}}\n\t\t\t<small>{{lang 'common.required'}}</small>\n\t\t{{/if}}\n\t</label>\n\t<select class=\"form-select form-select--small\" name=\"attribute[{{this.id}}]\" id=\"attribute_{{id}}\" {{#if required}}required{{/if}}>\n\t\t<option value=\"\">{{lang 'products.choose_options'}}</option>\n\t\t{{#each this.values}}\n\t\t\t<option data-product-attribute-value=\"{{id}}\" value=\"{{id}}\" {{#if selected}}selected{{/if}}>{{label}}</option>\n\t\t{{/each}}\n\t</select>\n</div>\n",
  "components/products/customizations/checkbox": "<div class=\"form-field\">\n    <input class=\"form-checkbox\" type=\"checkbox\" id=\"customization_{{this.id}}_{{../id}}\" {{#if required}}required {{/if}}name=\"ProductFields[{{this.id}}]\" {{#if value}}checked{{/if}}>\n    <label class=\"form-label form-label--alternate form-label--inlineSmall\" for=\"customization_{{this.id}}_{{../id}}\">\n        {{ this.display_name }}\n        {{#if required}}\n            <small>{{lang 'common.required'}}</small>\n        {{/if}}\n    </label>\n</div>\n",
  "components/products/customizations/file": "<div class=\"form-field\">\n    <label class=\"form-label form-label--alternate form-label--inlineSmall\" for=\"customization_{{this.id}}_{{../id}}\">\n        {{ this.display_name }}:\n        {{#if required}}\n            <small>{{lang 'common.required'}}</small>\n        {{/if}}\n    </label>\n    <input class=\"form-file\" type=\"file\" id=\"customization_{{this.id}}_{{../id}}\" {{#if required}}required {{/if}}name=\"ProductFields[{{this.id}}]\">\n    {{#if original_name}}\n        {{{lang 'products.file_option_set' url=file_url name=original_name}}}\n    {{/if}}\n    <p class=\"form-fileDescription\">{{#if file_size}}{{lang 'products.max_filesize'}} <strong>{{file_size}}</strong>, {{/if}}{{#if file_types}}{{lang 'products.filetypes'}} <strong>{{file_types}}</strong>{{/if}}</p>\n</div>\n",
  "components/products/options/textarea": "<div class=\"form-field optionRow {{#replace ' ' (toLowerCase display_name)}}{{else}}{{toLowerCase display_name}}{{/replace}}\" data-product-attribute=\"textarea\">\n\t<label class=\"form-label form-label--alternate form-label--inlineSmall\" for=\"attribute_{{id}}\">\n\t\t{{display_name}}:\n\n\t\t{{#if required}}\n\t\t\t<small>{{lang 'common.required'}}</small>\n\t\t{{/if}}\n\t</label>\n\n\t<textarea class=\"form-input\" id=\"attribute_{{id}}\" name=\"attribute[{{id}}]\" {{#if required}}required{{/if}}>\n\t\t{{prefill}}\n\t</textarea>\n</div>\n",
  "components/products/customizations/select": "<div class=\"form-field\">\n    <label class=\"form-label form-label--alternate form-label--inlineSmall\" for=\"customization_{{id}}_{{../id}}\">\n        {{ display_name }}:\n        {{#if required}}\n            <small>{{lang 'common.required'}}</small>\n        {{/if}}\n    </label>\n    <select class=\"form-select form-select--small\" name=\"ProductFields[{{id}}]\" id=\"customization_{{id}}_{{../id}}\"{{#if required}} required{{/if}}>\n        <option value=\"\">{{lang 'products.choose_an_option'}}</option>\n        {{#each values}}\n            <option value=\"{{this}}\" {{#if ../value '===' this}}selected{{/if}}>{{this}}</option>\n        {{/each}}\n    </select>\n</div>\n",
  "components/products/customizations/text": "<div class=\"form-field\">\n    <label class=\"form-label form-label--alternate form-label--inlineSmall\" for=\"customization_{{id}}_{{../id}}\">\n        {{ display_name }}:\n        {{#if required}}\n            <small>{{lang 'common.required'}}</small>\n        {{/if}}\n    </label>\n    <input class=\"form-input form-input--small\" type=\"text\" id=\"customization_{{id}}_{{../id}}\" {{#if required}}required {{/if}}name=\"ProductFields[{{id}}]\" value=\"{{value}}\">\n</div>\n",
  "components/products/customizations/textarea": "<div class=\"form-field\">\n    <label class=\"form-label form-label--alternate form-label--inlineSmall\" for=\"customization_{{id}}_{{../id}}\">\n        {{display_name}}:\n        {{#if required}}\n            <small>{{lang 'common.required'}}</small>\n        {{/if}}\n    </label>\n    <textarea class=\"form-input\" id=\"customization_{{id}}_{{../id}}\" {{#if required}}required {{/if}}name=\"ProductFields[{{id}}]\">{{value}}</textarea>\n</div>\n"
}