{
  "components/common/brand-bar": "<div class=\"brand-bar\">\r\n\t<div data-slick='{\r\n\t\t\"dots\": false,\r\n\t\t\"mobileFirst\": true,\r\n\t\t\"slidesToShow\": 4,\r\n\t\t\"slidesToScroll\": 1,\r\n\t\t\"autoplay\": true,\r\n\t\t\"arrows\": true,\r\n\t\t\"adaptiveHeight\": true,\r\n\t\t\"autoplaySpeed\": {{carousel.swap_frequency}},\r\n\t\t\"responsive\": [\r\n\t\t{\r\n\t\t\t\"breakpoint\": 800,\r\n\t\t\t\"settings\": {\r\n\t\t\t\t\"slidesToShow\": 6,\r\n\t\t\t\t\"slidesToScroll\": 1\r\n\t\t\t}\r\n\t\t},\r\n\t\t{\r\n\t\t\t\"breakpoint\": 550,\r\n\t\t\t\"settings\": {\r\n\t\t\t\t\"slidesToShow\": 4,\r\n\t\t\t\t\"slidesToScroll\":1\r\n\t\t\t}\r\n\t\t}\r\n\t]\r\n\t}'>\r\n\t\t<div>\r\n\t\t\t<a href=\"/brands/OB-Cues\">\r\n\t\t\t\t<img alt=\"link to ob cues brand products\" title=\"ob cues logo\" src=\"{{cdn '/assets/img/brands/obcues.gif' }}\">\r\n\t\t\t</a>\r\n\t\t</div>\r\n\t\t<div>\r\n\t\t\t<a href=\"#\">\r\n\t\t\t\t<img alt=\"link to action brand products\" title=\"action logo\" src=\"{{cdn '/assets/img/brands/action.gif' }}\">\r\n\t\t\t</a>\r\n\t\t</div>\r\n\t\t<div>\r\n\t\t\t<a href=\"#\">\r\n\t\t\t\t<img alt=\"link to viking cues brand products\" title=\"viking cues logo\" src=\"{{cdn '/assets/img/brands/vikingcues.jpg' }}\">\r\n\t\t\t</a>\r\n\t\t</div>\r\n\t\t<div>\r\n\t\t\t<a href=\"#\">\r\n\t\t\t\t<img alt=\"link to cuetec brand products\" title=\" cuetec logo\" src=\"{{cdn '/assets/img/brands/cuetec.gif' }}\">\r\n\t\t\t</a>\r\n\t\t</div>\r\n\t\t<div>\r\n\t\t\t<a href=\"#\">\r\n\t\t\t\t<img alt=\"link to joss cues brand products\" title=\"joss cues logo\" src=\"{{cdn '/assets/img/brands/josscues.gif' }}\">\r\n\t\t\t</a>\r\n\t\t</div>\r\n\t\t<div>\r\n\t\t\t<a href=\"#\">\r\n\t\t\t\t<img alt=\"link to lucky cues brand products\" title=\"lucky cues logo\" src=\"{{cdn '/assets/img/brands/luckycues.gif' }}\">\r\n\t\t\t</a>\r\n\t\t</div>\r\n\t\t<div>\r\n\t\t\t<a href=\"/brands/OB-Cues\">\r\n\t\t\t\t<img alt=\"link to ob cues brand products\" title=\"ob cues logo\" src=\"{{cdn '/assets/img/brands/obcues.gif' }}\">\r\n\t\t\t</a>\r\n\t\t</div>\r\n\t</div>\r\n</div>\r\n\r\n"
}