{
  "components/carousel": "<div class=\"outercontainer\">\n\t<div class=\"carouselcontainer\">\n\t\t<section class=\"heroCarousel\"\n\t\t\tdata-slick='{\n\t\t\t\t\"dots\": true,\n\t\t\t\t\"mobileFirst\": true,\n\t\t\t\t\"arrow\": false,\n\t\t\t\t\"slidesToShow\": 1,\n\t\t\t\t\"slidesToScroll\": 1,\n\t\t\t\t\"autoplay\": true,\n\t\t\t\t\"autoplaySpeed\": {{carousel.swap_frequency}}\n\t\t\t}'>\n\t\t\t{{#each carousel.slides}}\n\t\t\t<div class=\"heroCarousel-slide {{#if ../theme_settings.homepage_stretch_carousel_images}}heroCarousel-slide--stretch{{/if}}\"\n\t\t\t\tstyle=\"background-image: url({{image}})\">\n\t\t\t\t<a href=\"{{url}}\">\n\t\t\t\t\t<img class=\"heroCarousel-image\" src=\"{{image}}\" alt=\"{{alt_text}}\" title=\"{{alt_text}}\"/>\n\t\t\t\t\t{{#if heading}}\n\t\t\t\t\t\t{{> components/carousel-content show_background=true}}\n\t\t\t\t\t{{else}}\n\t\t\t\t\t\t{{#if text}}\n\t\t\t\t\t\t\t{{> components/carousel-content show_background=true}}\n\t\t\t\t\t\t{{else}}\n\t\t\t\t\t\t\t{{#if button_text}}\n\t\t\t\t\t\t\t\t{{> components/carousel-content show_background=false}}\n\t\t\t\t\t\t\t{{/if}}\n\t\t\t\t\t\t{{/if}}\n\t\t\t\t\t{{/if}}\n\t\t\t\t</a>\n\t\t\t</div>\n\t\t\t{{/each}}\n\t\t</section>\n\t\t{{> components/common/home-beside-carousel}}\n\t</div>\n</div>\n",
  "components/carousel-content": "<div class=\"heroCarousel-content{{#unless show_background}} heroCarousel-content--empty{{/unless}}\">\n    <h1 class=\"heroCarousel-title\">{{{heading}}}</h1>\n    <p class=\"heroCarousel-description\">{{{text}}}</p>\n    {{#if button_text}}\n        <span class=\"heroCarousel-action button button--primary button--large\">{{button_text}}</span>\n    {{/if}}\n</div>\n",
  "components/common/home-beside-carousel": "<div class=\"toprightHero\">\r\n\t<a href=\"/pool-cues/\">\r\n\t\t<img src=\"{{cdn 'https://cdn11.bigcommerce.com/s-c1tzcg0txe/product_images/uploaded_images/poolcuescompressed70.jpg'}}\" alt=\"Ozone Pool Cues\" />\r\n\t</a>\r\n</div>\r\n<div class=\"bottomrightHero\">\r\n\t<a href=\"https://www.ozonebilliards.com/searchresults.html?keywords=Introducing+Ozone+Customs%21\">\r\n\t\t<img src=\"{{cdn 'https://cdn11.bigcommerce.com/s-c1tzcg0txe/product_images/uploaded_images/customgifts-obhome.jpg'}}\" alt=\"Custom Pool Balls\" />\r\n\t</a>\r\n</div>\r\n"
}