{
  "components/common/home-brand-bar": "<div class=\"brand-bar\">\r\n\t<div data-slick='{\r\n\t\t\"dots\": false,\r\n\t\t\"mobileFirst\": true,\r\n\t\t\"slidesToShow\": 2,\r\n\t\t\"slidesToScroll\": 2,\r\n\t\t\"autoplay\": true,\r\n\t\t\"arrows\": true,\r\n\t\t\"adaptiveHeight\": true,\r\n\t\t\"autoplaySpeed\": {{carousel.swap_frequency}},\r\n\t\t\"responsive\": [\r\n\t\t{\r\n\t\t\t\"breakpoint\": 1000,\r\n\t\t\t\"settings\": {\r\n\t\t\t\t\"slidesToShow\": 6,\r\n\t\t\t\t\"slidesToScroll\": 1\r\n\t\t\t}\r\n\t\t},\r\n\t\t{\r\n\t\t\t\"breakpoint\": 800,\r\n\t\t\t\"settings\": {\r\n\t\t\t\t\"slidesToShow\": 5,\r\n\t\t\t\t\"slidesToScroll\": 1\r\n\t\t\t}\r\n\t\t},\r\n\t\t{\r\n\t\t\t\"breakpoint\": 550,\r\n\t\t\t\"settings\": {\r\n\t\t\t\t\"slidesToShow\": 3,\r\n\t\t\t\t\"slidesToScroll\":1\r\n\t\t\t}\r\n\t\t}\r\n\t]\r\n\t}'>\r\n\t\t<div>\r\n\t\t\t<a href=\"/pool-cues/pool-cues-by-brand/ob-cues/\">\r\n\t\t\t\t<img alt=\"ob cues logo\" title=\"Shop OB Pool Cues\" src=\"{{cdn '/assets/img/brands/obcues.gif' }}\">\r\n\t\t\t</a>\r\n\t\t</div>\r\n\t\t<div>\r\n\t\t\t<a href=\"/pool-cues/pool-cues-by-brand/action-cues/\">\r\n\t\t\t\t<img alt=\"action logo\" title=\"Shop Action Pool Cues\" src=\"{{cdn '/assets/img/brands/action.gif' }}\">\r\n\t\t\t</a>\r\n\t\t</div>\r\n\t\t<div>\r\n\t\t\t<a href=\"/pool-cues/pool-cues-by-brand/viking-cues/\">\r\n\t\t\t\t<img alt=\"viking cues logo\" title=\"Shop Viking Pool Cues\" src=\"{{cdn '/assets/img/brands/vikingcues.jpg' }}\">\r\n\t\t\t</a>\r\n\t\t</div>\r\n\t\t<div>\r\n\t\t\t<a href=\"/pool-cues/pool-cues-by-brand/cuetec-cues/\">\r\n\t\t\t\t<img alt=\"cuetec logo\" title=\"Shop Cuetec Pool Cues\" src=\"{{cdn '/assets/img/brands/cuetec.gif' }}\">\r\n\t\t\t</a>\r\n\t\t</div>\r\n\t\t<div>\r\n\t\t\t<a href=\"/pool-cues/pool-cues-by-brand/joss-cues/\">\r\n\t\t\t\t<img alt=\"joss cues logo\" title=\"Shop Joss Pool Cues\" src=\"{{cdn '/assets/img/brands/josscues.gif' }}\">\r\n\t\t\t</a>\r\n\t\t</div>\r\n\t\t<div>\r\n\t\t\t<a href=\"/pool-cues/pool-cues-by-brand/lucky-pool-cues/\">\r\n\t\t\t\t<img alt=\"lucky cues logo\" title=\"Shop Lucky Pool Cues\" src=\"{{cdn '/assets/img/brands/luckycues.gif' }}\">\r\n\t\t\t</a>\r\n\t\t</div>\r\n\t</div>\r\n</div>\r\n"
}