{
  "components/search/sidebar": "<nav>\n    {{#if product_results.faceted_search_enabled}}\n        {{> components/faceted-search/index product_results}}\n    {{/if}}\n</nav>\n",
  "components/faceted-search/index": "<div id=\"facetedSearch\" class=\"facetedSearch sidebarBlock\">\n\t{{> components/faceted-search/selected-facets this.selected}}\n\n\t<a href=\"#facetedSearch-navList\" role=\"button\" class=\"facetedSearch-toggle toggleLink\" data-collapsible>\n\t\t<span class=\"facetedSearch-toggle-text\">\n\t\t\t{{#if facets.length '>' 2}}\n\t\t\t\t{{lang 'search.faceted.browse-by'}} {{ join (pluck facets 'title') ', ' limit=2 }} &amp; {{ toLowerCase (lang 'search.faceted.more') }}\n\t\t\t{{/if}}\n\n\t\t\t{{#if facets.length '<=' 2}}\n\t\t\t\t{{lang 'search.faceted.browse-by'}} {{ join (pluck facets 'title') ', ' lastSeparator=' & ' }}\n\t\t\t{{/if}}\n\t\t</span>\n\n\t\t<span class=\"facetedSearch-toggle-indicator\">\n\t\t\t<span class=\"toggleLink-text toggleLink-text--on\">\n\t\t\t\t{{lang 'search.faceted.hide-filters'}}\n\n\t\t\t\t<i class=\"icon\" aria-hidden=\"true\">\n\t\t\t\t\t<svg><use xlink:href=\"#icon-keyboard-arrow-up\"/></svg>\n\t\t\t\t</i>\n\t\t\t</span>\n\n\t\t\t<span class=\"toggleLink-text toggleLink-text--off\">\n\t\t\t\t{{lang 'search.faceted.show-filters'}}\n\n\t\t\t\t<i class=\"icon\" aria-hidden=\"true\">\n\t\t\t\t\t<svg><use xlink:href=\"#icon-keyboard-arrow-down\"/></svg>\n\t\t\t\t</i>\n\t\t\t</span>\n\t\t</span>\n\t</a>\n\n\t{{#any facets visible=true}}\n\t\t<div\n\t\t\tid=\"facetedSearch-navList\"\n\t\t\tclass=\"facetedSearch-navList blocker-container\">\n\t\t\t<div class=\"accordion accordion--navList\">\n\t\t\t\t{{#each facets}}\n\t\t\t\t\t{{#if visible}}\n\t\t\t\t\t\t{{{dynamicComponent 'components/faceted-search/facets'}}}\n\t\t\t\t\t{{/if}}\n\t\t\t\t{{/each}}\n\t\t\t</div>\n\n\t\t\t<div class=\"blocker\" style=\"display: none;\"></div>\n\t\t</div>\n\t{{/any}}\n</div>\n",
  "components/faceted-search/facets/hierarchy-children": "<ul class=\"navList navList--inner\">\n    {{#each this}}\n        <li class=\"navList-item\">\n            <a\n            href=\"{{url}}\"\n            class=\"navList-action navList-action--checkbox {{#if selected }} is-selected {{/if}} {{#if has_sub_categories }} has-children {{/if}}\"\n            rel=\"nofollow\"\n            data-id=\"{{ id }}\"\n            data-faceted-search-facet>\n                {{title}}\n                {{#if ../show_product_counts}}\n                    {{#if count}}\n                        <span>({{count}})</span>\n                    {{/if}}\n                {{/if}}\n            </a>\n            {{#if children}}\n                {{> components/faceted-search/facets/hierarchy-children children}}\n            {{/if}}\n        </li>\n    {{/each}}\n</ul>\n",
  "components/faceted-search/selected-facets": "<div class=\"facetedSearch-refineFilters sidebarBlock\">\n<h4 class=\"sidebarHeader refine\">\n        {{lang 'search.faceted.selected.title'}}\n    </h4>\n    {{#if this.items}}\n        <ul class=\"inlineList inlineList--labels\">\n            {{#each this.items}}\n                <li>\n                    <a\n                        href=\"{{ url }}\"\n                        class=\"facetLabel\"\n                        rel=\"nofollow\"\n                        data-faceted-search-facet>\n                        {{#if facet '===' 'rating'}}\n                            {{lang 'search.faceted.selected.rating-label' rating=title}}\n                        {{else}}\n                            {{ title }}\n                        {{/if}}\n\n                        <svg class=\"icon\">\n                            <use xlink:href=\"#icon-close\" />\n                        </svg>\n                    </a>\n                </li>\n            {{/each}}\n        </ul>\n    {{else}}\n        {{lang 'search.faceted.selected.no-filters'}}\n    {{/if}}\n\n    {{#if remove_all_url}}\n        <a href=\"{{ remove_all_url }}\" data-faceted-search-facet>\n            {{lang 'search.faceted.selected.clear-all'}}\n        </a>\n    {{/if}}\n</div>\n",
  "components/faceted-search/facets/hierarchy": "{{#if items}}\n<div class=\"accordion-block\">\n    <div\n        class=\"accordion-navigation toggleLink {{#unless ../start_collapsed }} is-open {{/unless}}\"\n        role=\"button\"\n        data-collapsible=\"#facetedSearch-content--{{ facet }}\">\n        <h5 class=\"accordion-title\">\n            {{ title }}\n        </h5>\n\n        <div class=\"accordion-navigation-actions\">\n            {{#if selected}}\n                <a href=\"{{ remove_url }}\" class=\"facetedSearch-clearLink\" data-faceted-search-facet>{{lang 'search.faceted.clear'}}</a>\n            {{/if}}\n            <svg class=\"icon accordion-indicator toggleLink-text toggleLink-text--off\">\n                <use xlink:href=\"#icon-add\" />\n            </svg>\n            <svg class=\"icon accordion-indicator toggleLink-text toggleLink-text--on\">\n                <use xlink:href=\"#icon-remove\" />\n            </svg>\n        </div>\n    </div>\n\n    <div id=\"facetedSearch-content--{{ facet }}\" class=\"accordion-content {{#unless ../start_collapsed }} is-open {{/unless}}\">\n        <ul id=\"facetedSearch-navList--{{ facet }}\" class=\"navList\" data-facet=\"{{facet}}\" data-has-more-results=\"{{ has_more_results }}\">\n            {{#each items}}\n                <li class=\"navList-item\">\n                    <a\n                        href=\"{{url}}\"\n                        class=\"navList-action navList-action--checkbox {{#if selected }} is-selected {{/if}} {{#if has_sub_categories }} has-children {{/if}}\"\n                        rel=\"nofollow\"\n                        data-id=\"{{ id }}\"\n                        data-faceted-search-facet>\n                        {{ title }}\n                        {{#if ../show_product_counts}}\n                            {{#if count}}\n                                <span>({{ count }})</span>\n                            {{/if}}\n                        {{/if}}\n                    </a>\n                    {{#if children}}\n                        {{> components/faceted-search/facets/hierarchy-children children}}\n                    {{/if}}\n                </li>\n            {{/each}}\n        </ul>\n\n        {{#if show_more_toggle}}\n            <a href=\"#facetedSearch-navList--{{ facet }}\" role=\"button\" class=\"toggleLink\">\n                <span class=\"toggleLink-text toggleLink-text--off\">{{lang 'search.faceted.show-more'}}</span>\n            </a>\n        {{/if}}\n    </div>\n</div>\n\n<!-- Mobile Faceted Search -->\n<div class=\"accordion-block\">\n    <div\n        class=\"accordion-navigation toggleLink {{#unless ../start_collapsed }} is-open {{/unless}}\"\n        role=\"button\"\n        data-collapsible=\"#facetedMobileSearch-content--{{ facet }}\">\n        <h5 class=\"accordion-title\">\n            {{ title }}\n        </h5>\n\n        <div class=\"accordion-navigation-actions\">\n            {{#if selected}}\n                <a href=\"{{ remove_url }}\" class=\"facetedSearch-clearLink\" data-faceted-search-facet>{{lang 'search.faceted.clear'}}</a>\n            {{/if}}\n            <svg class=\"icon accordion-indicator toggleLink-text toggleLink-text--off\">\n                <use xlink:href=\"#icon-add\" />\n            </svg>\n            <svg class=\"icon accordion-indicator toggleLink-text toggleLink-text--on\">\n                <use xlink:href=\"#icon-remove\" />\n            </svg>\n        </div>\n    </div>\n\n    <div id=\"facetedMobileSearch-content--{{ facet }}\" class=\"accordion-content {{#unless ../start_collapsed }} is-open {{/unless}}\">\n        <ul id=\"facetedMobileSearch-navList--{{ facet }}\" class=\"navList\" data-facet=\"{{facet}}\" data-has-more-results=\"{{ has_more_results }}\">\n            {{#each items}}\n                <li class=\"navList-item\">\n                    <a\n                        href=\"{{url}}\"\n                        class=\"navList-action navList-action--checkbox {{#if selected }} is-selected {{/if}} {{#if has_sub_categories }} has-children {{/if}}\"\n                        rel=\"nofollow\"\n                        data-id=\"{{ id }}\"\n                        data-faceted-search-facet>\n                        {{ title }}\n                        {{#if ../show_product_counts}}\n                            {{#if count}}\n                                <span>({{ count }})</span>\n                            {{/if}}\n                        {{/if}}\n                    </a>\n                    {{#if children}}\n                        {{> components/faceted-search/facets/hierarchy-children children}}\n                    {{/if}}\n                </li>\n            {{/each}}\n        </ul>\n\n        {{#if show_more_toggle}}\n            <a href=\"#facetedMobileSearch-navList--{{ facet }}\" role=\"button\" class=\"toggleLink\">\n                <span class=\"toggleLink-text toggleLink-text--off\">{{lang 'search.faceted.show-more'}}</span>\n            </a>\n        {{/if}}\n    </div>\n</div>\n{{/if}}\n",
  "components/faceted-search/facets/multi": "{{#if items}}\n<div class=\"accordion-block\">\n    <div\n        class=\"accordion-navigation toggleLink {{#unless ../start_collapsed }} is-open {{/unless}}\"\n        role=\"button\"\n        data-collapsible=\"#facetedSearch-content--{{ facet }}\">\n        <h5 class=\"accordion-title\">\n            {{ title }}\n        </h5>\n\n        <div class=\"accordion-navigation-actions\">\n            {{#if selected}}\n                <a href=\"{{ remove_url }}\" class=\"facetedSearch-clearLink\" data-faceted-search-facet>{{lang 'search.faceted.clear'}}</a>\n            {{/if}}\n            <svg class=\"icon accordion-indicator toggleLink-text toggleLink-text--off\">\n                <use xlink:href=\"#icon-add\" />\n            </svg>\n            <svg class=\"icon accordion-indicator toggleLink-text toggleLink-text--on\">\n                <use xlink:href=\"#icon-remove\" />\n            </svg>\n        </div>\n    </div>\n\n    <div id=\"facetedSearch-content--{{ facet }}\" class=\"accordion-content {{#unless ../start_collapsed }} is-open {{/unless}}\">\n        <ul id=\"facetedSearch-navList--{{ facet }}\" data-facet=\"{{facet}}\" class=\"navList\" data-has-more-results=\"{{ has_more_results }}\">\n            {{#each items}}\n                <li class=\"navList-item\">\n                    <a\n                        href=\"{{ url }}\"\n                        class=\"navList-action navList-action--checkbox {{#if selected }} is-selected {{/if}}\"\n                        rel=\"nofollow\"\n                        data-faceted-search-facet>\n                        {{ title }}\n                        {{#if ../show_product_counts}}\n                            <span>({{ count }})</span>\n                        {{/if}}\n\n                        <span class=\"navList-action-close\" aria-hidden=\"true\">\n                            <svg class=\"icon\">\n                                <use xlink:href=\"#icon-close\"/>\n                            </svg>\n                        </span>\n                    </a>\n                </li>\n            {{/each}}\n        </ul>\n\n        {{#if show_more_toggle}}\n            <a href=\"#facetedSearch-navList--{{ facet }}\" role=\"button\" class=\"toggleLink\">\n                <span class=\"toggleLink-text toggleLink-text--off\">{{lang 'search.faceted.show-more'}}</span>\n            </a>\n        {{/if}}\n    </div>\n</div>\n\n{{/if}}\n",
  "components/faceted-search/facets/multiMobile": "{{#if items}}\r\n<div class=\"accordion-blockMobile\">\r\n    <div\r\n        class=\"accordion-navigation toggleLink {{#unless ../start_collapsed }} is-open {{/unless}}\"\r\n        role=\"button\"\r\n        data-collapsible=\"#facetedMobileSearch-content--{{ facet }}\">\r\n        <h5 class=\"accordion-title\">\r\n            {{ title }}\r\n        </h5>\r\n\r\n        <div class=\"accordion-navigation-actions\">\r\n            {{#if selected}}\r\n                <a href=\"{{ remove_url }}\" class=\"facetedSearch-clearLink\" data-faceted-search-facet>{{lang 'search.faceted.clear'}}</a>\r\n            {{/if}}\r\n            <svg class=\"icon accordion-indicator toggleLink-text toggleLink-text--off\">\r\n                <use xlink:href=\"#icon-add\" />\r\n            </svg>\r\n            <svg class=\"icon accordion-indicator toggleLink-text toggleLink-text--on\">\r\n                <use xlink:href=\"#icon-remove\" />\r\n            </svg>\r\n        </div>\r\n    </div>\r\n\r\n    <div id=\"facetedMobileSearch-content--{{ facet }}\" class=\"accordion-content {{#unless ../start_collapsed }} is-open {{/unless}}\">\r\n        <ul id=\"facetedMobileSearch-navList--{{ facet }}\" data-facet=\"{{facet}}\" class=\"navList\" data-has-more-results=\"{{ has_more_results }}\">\r\n            {{#each items}}\r\n                <li class=\"navList-item\">\r\n                    <a\r\n                        href=\"{{ url }}\"\r\n                        class=\"navList-action navList-action--checkbox {{#if selected }} is-selected {{/if}}\"\r\n                        rel=\"nofollow\"\r\n                        data-faceted-search-facet>\r\n                        {{ title }}\r\n                        {{#if ../show_product_counts}}\r\n                            <span>({{ count }})</span>\r\n                        {{/if}}\r\n\r\n                        <span class=\"navList-action-close\" aria-hidden=\"true\">\r\n                            <svg class=\"icon\">\r\n                                <use xlink:href=\"#icon-close\"/>\r\n                            </svg>\r\n                        </span>\r\n                    </a>\r\n                </li>\r\n            {{/each}}\r\n        </ul>\r\n\r\n        {{#if show_more_toggle}}\r\n            <a href=\"#facetedMobileSearch-navList--{{ facet }}\" role=\"button\" class=\"toggleLink\">\r\n                <span class=\"toggleLink-text toggleLink-text--off\">{{lang 'search.faceted.show-more'}}</span>\r\n            </a>\r\n        {{/if}}\r\n    </div>\r\n</div>\r\n{{/if}}\n",
  "components/faceted-search/facets/range": "<div class=\"accordion-block\">\n    <div\n        class=\"accordion-navigation toggleLink {{#unless ../start_collapsed }} is-open {{/unless}}\"\n        role=\"button\"\n        data-collapsible=\"#facetedSearch-content--{{ facet }}\">\n        <h5 class=\"accordion-title\">\n            {{ title }}\n        </h5>\n\n        <div class=\"accordion-navigation-actions\">\n            {{#if selected}}\n                <a href=\"{{ remove_url }}\" class=\"facetedSearch-clearLink\" data-faceted-search-facet>{{lang 'search.faceted.clear'}}</a>\n            {{/if}}\n            <svg class=\"icon accordion-indicator toggleLink-text toggleLink-text--off\">\n                <use xlink:href=\"#icon-add\" />\n            </svg>\n            <svg class=\"icon accordion-indicator toggleLink-text toggleLink-text--on\">\n                <use xlink:href=\"#icon-remove\" />\n            </svg>\n        </div>\n    </div>\n\n    <div id=\"facetedSearch-content--{{ facet }}\" class=\"accordion-content {{#unless ../start_collapsed }} is-open {{/unless}}\">\n        <form id=\"facet-range-form\" class=\"form\" method=\"get\" data-faceted-search-range novalidate>\n            {{#each current_selected_items}}\n                <input type=\"hidden\" name=\"{{ param_name }}[]\" value=\"{{ param_value }}\"/>\n            {{/each}}\n            <input type=\"hidden\" name=\"search_query\" value=\"{{search_query}}\">\n            {{#if sort}}\n                <input type=\"hidden\" name=\"sort\" value=\"{{sort}}\">\n            {{/if}}\n            <fieldset class=\"form-fieldset\">\n                <div class=\"form-minMaxRow\">\n                    <div class=\"form-field\">\n                        <input\n                            name=\"min_price\"\n                            placeholder=\"{{lang 'search.faceted.range.min-placeholder'}}\"\n                            min=\"0\"\n                            class=\"form-input form-input--small\"\n                            required\n                            type=\"number\"\n                            value=\"{{ min_price }}\"\n                        />\n                    </div>\n\n                    <div class=\"form-field\">\n                        <input\n                            name=\"max_price\"\n                            placeholder=\"{{lang 'search.faceted.range.max-placeholder'}}\"\n                            min=\"0\"\n                            class=\"form-input form-input--small\"\n                            required\n                            type=\"number\"\n                            value=\"{{ max_price }}\"\n                        />\n                    </div>\n\n                    <div class=\"form-field\">\n                        <button class=\"button button--small\" type=\"submit\">\n                            {{lang 'search.faceted.range.update'}}\n                        </button>\n                    </div>\n                </div>\n\n                <div class=\"form-inlineMessage\"></div>\n            </fieldset>\n        </form>\n    </div>\n</div>\n",
  "components/faceted-search/facets/rating": "{{#if items}}\n<div class=\"accordion-block\">\n\t<div\n\t\tclass=\"accordion-navigation toggleLink {{#unless ../start_collapsed }} is-open {{/unless}}\"\n\t\trole=\"button\"\n\t\tdata-collapsible=\"#facetedSearch-content--{{ facet }}\">\n\t\t<h5 class=\"accordion-title\">\n\t\t\t{{ title }}\n\t\t</h5>\n\n\t\t<div class=\"accordion-navigation-actions\">\n\t\t\t{{#if selected}}\n\t\t\t\t<a href=\"{{ remove_url }}\" class=\"facetedSearch-clearLink\" data-faceted-search-facet>{{lang 'search.faceted.clear'}}</a>\n\t\t\t{{/if}}\n\t\t\t<svg class=\"icon accordion-indicator toggleLink-text toggleLink-text--off\">\n\t\t\t\t<use xlink:href=\"#icon-add\" />\n\t\t\t</svg>\n\t\t\t<svg class=\"icon accordion-indicator toggleLink-text toggleLink-text--on\">\n\t\t\t\t<use xlink:href=\"#icon-remove\" />\n\t\t\t</svg>\n\t\t</div>\n\t</div>\n\n\t<div id=\"facetedSearch-content--{{ facet }}\" class=\"accordion-content facetedSearch-content--{{ facet }} {{#unless ../start_collapsed }} is-open {{/unless}}\">\n\t\t<ul class=\"navList\">\n\t\t\t{{#each items}}\n\t\t\t\t<li class=\"navList-item\">\n\t\t\t\t\t<a href=\"{{ url }}\"\n\t\t\t\t\t   class=\"navList-action {{#if selected }} is-selected {{/if}}\"\n\t\t\t\t\t   rel=\"nofollow\"\n\t\t\t\t\t   data-faceted-search-facet>\n\t\t\t\t\t\t<span class=\"rating--small\">\n\t\t\t\t\t\t\t{{> components/products/ratings rating=title}}\n\t\t\t\t\t\t</span>\n\t\t\t\t\t\t{{lang 'search.faceted.rating.and-up'}}\n\t\t\t\t\t\t{{#if ../show_product_counts}}\n\t\t\t\t\t\t\t<span>({{ count }})</span>\n\t\t\t\t\t\t{{/if}}\n\t\t\t\t\t</a>\n\t\t\t\t</li>\n\t\t\t{{/each}}\n\t\t</ul>\n\t</div>\n</div>\n<div class=\"accordion-blockMobile\">\n\t<div\n\t\tclass=\"accordion-navigation toggleLink {{#unless ../start_collapsed }} is-open {{/unless}}\"\n\t\trole=\"button\"\n\t\tdata-collapsible=\"#facetedMobileSearch-content--{{ facet }}\">\n\t\t<h5 class=\"accordion-title\">\n\t\t\t{{ title }}\n\t\t</h5>\n\n\t\t<div class=\"accordion-navigation-actions\">\n\t\t\t{{#if selected}}\n\t\t\t\t<a href=\"{{ remove_url }}\" class=\"facetedSearch-clearLink\" data-faceted-search-facet>{{lang 'search.faceted.clear'}}</a>\n\t\t\t{{/if}}\n\t\t\t<svg class=\"icon accordion-indicator toggleLink-text toggleLink-text--off\">\n\t\t\t\t<use xlink:href=\"#icon-add\" />\n\t\t\t</svg>\n\t\t\t<svg class=\"icon accordion-indicator toggleLink-text toggleLink-text--on\">\n\t\t\t\t<use xlink:href=\"#icon-remove\" />\n\t\t\t</svg>\n\t\t</div>\n\t</div>\n\n\t<div id=\"facetedMobileSearch-content--{{ facet }}\" class=\"accordion-content facetedSearch-content--{{ facet }} {{#unless ../start_collapsed }} is-open {{/unless}}\">\n\t\t<ul class=\"navList\">\n\t\t\t{{#each items}}\n\t\t\t\t<li class=\"navList-item\">\n\t\t\t\t\t<a href=\"{{ url }}\"\n\t\t\t\t\t   class=\"navList-action {{#if selected }} is-selected {{/if}}\"\n\t\t\t\t\t   rel=\"nofollow\"\n\t\t\t\t\t   data-faceted-search-facet>\n\t\t\t\t\t\t<span class=\"rating--small\">\n\t\t\t\t\t\t\t{{> components/products/ratings rating=title}}\n\t\t\t\t\t\t</span>\n\t\t\t\t\t\t{{lang 'search.faceted.rating.and-up'}}\n\t\t\t\t\t\t{{#if ../show_product_counts}}\n\t\t\t\t\t\t\t<span>({{ count }})</span>\n\t\t\t\t\t\t{{/if}}\n\t\t\t\t\t</a>\n\t\t\t\t</li>\n\t\t\t{{/each}}\n\t\t</ul>\n\t</div>\n</div>\n{{/if}}\n",
  "components/products/ratings": "{{#for 1 5}}\n{{#if ../this.rating '>=' $index}}\n\t<span class=\"icon icon--ratingFull\">\n\t\t<svg>\n\t\t\t<use xlink:href=\"#icon-star\" />\n\t\t</svg>\n\t</span>\n{{else}}\n\t<span class=\"icon icon--ratingEmpty\">\n\t\t<svg>\n\t\t\t<use xlink:href=\"#icon-star\" />\n\t\t</svg>\n\t</span>\n{{/if}}\n{{/for}}\n{{{snippet 'product_rating'}}}\n"
}