{
  "components/products/tabs": "{{#if product.similar_by_views}}\n<section class=\"similar-products\">\n\t<ul class=\"tabs\" data-tab role=\"tablist\">\n\t\t<li class=\"tab is-active\" role=\"presentational\">\n\t\t\t<a class=\"tab-title\" href=\"#tab-similar\" role=\"tab\" tabindex=\"0\" aria-selected=\"false\" controls=\"tab-similar\">{{lang 'products.similar_by_views'}}</a>\n\t\t</li>\n\t</ul>\n\t<div class=\"tabs-contents\">\n\t\t<div role=\"tabpanel\" aria-hidden=\"true\" class=\"tab-content has-jsContent is-active\" id=\"tab-similar\">\n\t\t\t{{> components/products/alsoViewGrid products=product.similar_by_views columns=6}}\n\t\t</div>\n\t</div>\n</section>\n{{/if}}\n",
  "components/products/alsoViewGrid": "<ul class=\"productGrid\">\r\n\t{{#each products}}\r\n    <li class=\"product\">\r\n        {{>components/products/card show_compare=../show_compare show_rating=../settings.show_product_rating theme_settings=../theme_settings customer=../customer}}\r\n    </li>\r\n    {{/each}}\r\n</ul>\r\n\r\n",
  "components/products/card": "<article class=\"card {{#if alternate}}card--alternate{{/if}}\">\n\t<figure class=\"card-figure\">\n\t\t{{#or price.non_sale_price_with_tax price.non_sale_price_without_tax}}\n\t\t\t{{#if theme_settings.product_sale_badges '===' 'sash'}}\n\t\t\t\t<div class=\"sale-flag-sash\">\n\t\t\t\t\t<span class=\"sale-text\">On Sale!</span>\n\t\t\t\t</div>\n\t\t\t{{else if theme_settings.product_sale_badges '===' 'topleft'}}\n\t\t\t\t<div class=\"sale-flag-side\">\n\t\t\t\t\t<span class=\"sale-text\">On Sale!</span>\n\t\t\t\t</div>\n\t\t\t{{else if theme_settings.product_sale_badges '===' 'burst'}}\n\t\t\t\t<div class=\"starwrap\">\n\t\t\t\t\t<div class=\"sale-text-burst\">On Sale!</div>\n\t\t\t\t\t<div class=\"sale-flag-star\"></div>\n\t\t\t\t</div>\n\t\t\t{{/if}}\n\t\t{{/or}}\n\t\t<a href=\"{{url}}\">\n\t\t\t<img class=\"card-image lazyload\" data-sizes=\"auto\" src=\"{{cdn 'img/loading.svg'}}\" data-src=\"{{getImage image 'productgallery_size' (cdn theme_settings.default_image_product)}}\" alt=\"{{image.alt}}\" title=\"{{image.alt}}\">\n\t\t</a>\n\t\t<figcaption class=\"card-figcaption\">\n\t\t\t<div class=\"card-figcaption-body\">\n\t\t\t\t{{#unless hide_product_quick_view}}\n\t\t\t\t\t{{#if page.type '===' product}}\n\t\t\t\t\t\t{{#if theme_settings.show_product_quick_view}}\n\t\t\t\t\t\t\t<a href=\"{{url}}\" class=\"button button--small card-figcaption-button\" data-product-id=\"{{id}}\">Shop Now</a>\n\t\t\t\t\t\t{{/if}}\n\t\t\t\t\t{{else}}\n\t\t\t\t\t\t{{#if theme_settings.show_product_quick_view}}\n\t\t\t\t\t\t\t<a href=\"#\" class=\"button button--small card-figcaption-button quickview\" data-product-id=\"{{id}}\">{{lang 'products.quick_view'}}</a>\n\t\t\t\t\t\t{{/if}}\n\t\t\t\t\t{{/if}}\n\t\t\t\t{{/unless}}\n\t\t\t\t{{#or customer (if theme_settings.restrict_to_login '!==' true)}}\n\t\t\t\t\t{{#if show_cart_action}}\n\t\t\t\t\t\t{{#if has_options}}\n\t\t\t\t\t\t\t<a href=\"{{url}}\" class=\"button button--small card-figcaption-button\" data-product-id=\"{{id}}\">{{lang 'products.choose_options'}}</a>\n\t\t\t\t\t\t{{/if}}\n\t\t\t\t\t\t{{#if pre_order}}\n\t\t\t\t\t\t\t<a href=\"{{url}}\" class=\"button button--small card-figcaption-button\">{{lang 'products.pre_order'}}</a>\n\t\t\t\t\t\t{{/if}}\n\t\t\t\t\t\t{{#if add_to_cart_url }}\n\t\t\t\t\t\t\t<a href=\"{{add_to_cart_url}}\" class=\"button button--small card-figcaption-button button--primary\">{{lang 'products.add_to_cart'}}</a>\n\t\t\t\t\t\t{{/if}}\n\t\t\t\t\t\t{{#if out_of_stock_message }}\n\t\t\t\t\t\t\t<a href=\"{{url}}\" class=\"button button--small card-figcaption-button\" data-product-id=\"{{id}}\">{{out_of_stock_message}}</a>\n\t\t\t\t\t\t{{/if}}\n\t\t\t\t\t{{/if}}\n\t\t\t\t{{/or}}\n\t\t\t</div>\n\t\t</figcaption>\n\t</figure>\n\t<div class=\"card-body\">\n\t\t<h4 class=\"card-title\">\n\t\t\t<a href=\"{{url}}\">{{name}}</a>\n\t\t</h4>\n\t\t <p class=\"card-text\" data-test-info-type=\"productRating\">\n\t\t\t{{#if num_reviews '>' 1}}\n\t\t\t\t<span class=\"rating--small\">\n\t\t\t\t\t{{> components/products/ratings rating=rating}}\n\t\t\t\t</span>\n\t\t\t\t<span class=\"rate\">({{ num_reviews }} Reviews)</span>\n\t\t\t{{else}}\n\t\t\t\t<span class=\"rating--small\">\n\t\t\t\t\t{{> components/products/ratings rating=rating}}\n\t\t\t\t</span>\n\t\t\t{{/if}}\n\t\t</p>\n\t\t<div class=\"card-text\" data-test-info-type=\"price\">\n\t\t\t{{#or customer (if theme_settings.restrict_to_login '!==' true)}}\n\t\t\t\t{{> components/products/price price=price customer=customer}}\n\t\t\t{{else}}\n\t\t\t\t{{> components/common/login-for-pricing}}\n\t\t\t{{/or}}\n\t\t</div>\n\t</div>\n</article>\n",
  "components/products/ratings": "{{#for 1 5}}\n{{#if ../this.rating '>=' $index}}\n\t<span class=\"icon icon--ratingFull\">\n\t\t<svg>\n\t\t\t<use xlink:href=\"#icon-star\" />\n\t\t</svg>\n\t</span>\n{{else}}\n\t<span class=\"icon icon--ratingEmpty\">\n\t\t<svg>\n\t\t\t<use xlink:href=\"#icon-star\" />\n\t\t</svg>\n\t</span>\n{{/if}}\n{{/for}}\n{{{snippet 'product_rating'}}}\n",
  "components/products/price": "{{#or has_options product.options.length}}\n\t{{#if price.with_tax}}\n\t\t<div class=\"price-section price-section--withTax\" {{#if schema_org}}itemprop=\"offers\" itemscope itemtype=\"http://schema.org/Offer\"{{/if}}>\n\t\t\t{{#if price.rrp_with_tax}}\n\t\t\t\t<span data-product-rrp-with-tax data-price-before class=\"price price--rrp\">{{price.rrp_with_tax.formatted}}</span>\n\t\t\t{{/if}}\n\t\t\t{{#if page_type '!==' 'product'}}\n\t\t\t\t{{#if theme_settings.price_as_low_as}}\n\t\t\t\t\t<span translate>As low as </span>\n\t\t\t\t{{/if}}\n\t\t\t{{/if}}\n\t\t\t<span data-product-price-with-tax class=\"price\">{{price.with_tax.formatted}}</span>\n\t\t\t{{#if price.without_tax}}\n\t\t\t\t{{lang 'products.price_with_tax' tax_label=price.tax_label}}\n\t\t\t{{/if}}\n\t\t\t<div class=\"price-section price-section--saving\">\n\t\t\t <span class=\"savedAmount\"></span>\n\t\t\t</div>\n\t\t</div>\n\t{{/if}}\n\t{{#if price.without_tax}}\n\t\t<div class=\"price-section price-section--withoutTax {{#if price.with_tax}}price-section--minor{{/if}}\" {{#if schema_org}}itemprop=\"offers\" itemscope itemtype=\"http://schema.org/Offer\"{{/if}}>\n\t\t\t{{#if price.rrp_without_tax}}\n\t\t\t\t<span data-product-rrp-without-tax data-price-before class=\"price price--rrp\">{{price.rrp_without_tax.formatted}}</span>\n\t\t\t{{/if}}\n\t\t\t{{#if schema_org}}\n\t\t\t\t<meta itemprop=\"price\" content=\"{{price.without_tax.value}}\">\n\t\t\t\t<meta itemprop=\"priceCurrency\" content=\"{{currency_selector.active_currency_code}}\">\n\t\t\t\t<meta itemprop=\"availability\" content=\"{{product.availability}}\">\n\t\t\t\t<meta itemprop=\"itemCondition\" itemtype=\"http://schema.org/OfferItemCondition\" content=\"http://schema.org/{{product.condition}}Condition\">\n\t\t\t{{/if}}\n\t\t\t{{#if page_type '!==' 'product'}}\n\t\t\t\t{{#if theme_settings.price_as_low_as}}\n\t\t\t\t\t<span translate>As low as </span>\n\t\t\t\t{{/if}}\n\t\t\t{{/if}}\n\t\t\t<span data-product-price-without-tax data-price-after class=\"price price--withoutTax\" data-base-price=\"{{price.without_tax.value}}\">{{price.without_tax.formatted}}</span>\n\t\t\t{{#if price.with_tax}}\n\t\t\t\t<abbr title=\"{{lang 'products.excluding_tax'}}\">{{lang 'products.price_without_tax' tax_label=price.tax_label}}</abbr>\n\t\t\t{{/if}}\n\t\t\t<div class=\"price-section price-section--saving\">\n\t\t\t\t<span class=\"savedAmount\"></span>\n\t\t\t</div>\n\t\t</div>\n\t{{/if}}\n{{else}}\n\t{{#if price.with_tax}}\n\t\t<div class=\"price-section price-section--withTax\" {{#if schema_org}}itemprop=\"offers\" itemscope itemtype=\"http://schema.org/Offer\"{{/if}}>\n\t\t\t{{#if price.rrp_with_tax}}\n\t\t\t\t<span data-product-rrp-with-tax class=\"price price--rrp\">{{price.rrp_with_tax.formatted}}</span>\n\t\t\t{{/if}}\n\t\t\t<span data-product-price-with-tax class=\"price\">{{price.with_tax.formatted}}</span>\n\t\t\t{{#if price.without_tax}}\n\t\t\t\t{{lang 'products.price_with_tax' tax_label=price.tax_label}}\n\t\t\t{{/if}}\n\t\t</div>\n\t{{/if}}\n\t{{#if price.without_tax}}\n\t\t<div class=\"price-section price-section--withoutTax {{#if price.with_tax}}price-section--minor{{/if}}\"  {{#if schema_org}}itemprop=\"offers\" itemscope itemtype=\"http://schema.org/Offer\"{{/if}}>\n\t\t\t{{#if price.rrp_without_tax}}\n\t\t\t\t<span data-product-rrp-without-tax data-price-before class=\"price price--rrp\">{{price.rrp_without_tax.formatted}}</span>\n\t\t\t{{/if}}\n\t\t\t{{#if schema_org}}\n\t\t\t\t<meta itemprop=\"price\" content=\"{{price.without_tax.value}}\">\n\t\t\t\t<meta itemprop=\"priceCurrency\" content=\"{{currency_selector.active_currency_code}}\">\n\t\t\t{{/if}}\n\t\t\t<span data-product-price-without-tax data-price-after class=\"price price--withoutTax\" data-base-price=\"{{price.without_tax.value}}\">{{price.without_tax.formatted}}</span>\n\t\t\t{{#if price.with_tax}}\n\t\t\t\t<abbr title=\"{{lang 'products.excluding_tax'}}\">{{lang 'products.price_without_tax' tax_label=price.tax_label}}</abbr>\n\t\t\t{{/if}}\n\t\t\t<div class=\"price-section price-section--saving\">\n\t\t\t\t<span class=\"savedAmount\"></span>\n\t\t\t</div>\n\t\t</div>\n\t{{/if}}\n{{/or}}\n",
  "components/common/login-for-pricing": "<p translate>Log in for pricing</p>\n"
}